instance,m,n,WS_Memetic-LS_MMX,WS_Memetic_MMX,WS_Memetic_MPX,WS_Memetic-LS_MPX,Memetic-LS_MMX,Memetic_MMX,Memetic_MPX,Memetic-LS_MPX
20-25-1767920,20.0,25.0,2529.0,2717.6666666666665,2470.3333333333335,2214.0,2503.0,2729.3333333333335,2450.0,2205.0
15-25-1762875,15.0,25.0,2600.0,2762.0,2656.3333333333335,2420.6666666666665,2563.0,2750.3333333333335,2610.0,2382.6666666666665
10-10-1767920,10.0,10.0,1708.0,1794.6666666666667,1755.6666666666667,1667.3333333333333,1670.0,1797.0,1751.3333333333333,1687.3333333333333
25-25-1110588,25.0,25.0,2590.3333333333335,2773.3333333333335,2416.3333333333335,2210.0,2585.0,2761.3333333333335,2425.0,2130.3333333333335
15-40-1767920,15.0,40.0,2812.6666666666665,3183.3333333333335,3022.6666666666665,2575.3333333333335,2877.3333333333335,3177.3333333333335,3017.0,2696.3333333333335
20-25-1891798,20.0,25.0,2604.3333333333335,2851.0,2531.0,2255.3333333333335,2613.6666666666665,2854.6666666666665,2524.6666666666665,2175.3333333333335
20-25-1762875,20.0,25.0,2410.6666666666665,2641.6666666666665,2439.3333333333335,2217.6666666666665,2422.6666666666665,2633.0,2468.3333333333335,2136.3333333333335
15-40-1762875,15.0,40.0,3079.3333333333335,3378.0,3173.6666666666665,2887.3333333333335,3064.6666666666665,3391.0,3177.3333333333335,2851.0
15-40-1917698,15.0,40.0,2978.0,3279.3333333333335,3036.3333333333335,2541.3333333333335,2992.0,3264.0,3058.0,2636.3333333333335
5-10-1767920,5.0,10.0,1719.0,1746.0,1736.6666666666667,1697.6666666666667,1712.0,1742.0,1732.3333333333333,1653.6666666666667
5-10-1891798,5.0,10.0,1906.6666666666667,1943.0,1943.0,1905.0,1921.3333333333333,1943.0,1943.0,1907.0
10-25-1917698,10.0,25.0,2534.3333333333335,2722.6666666666665,2617.3333333333335,2484.3333333333335,2556.6666666666665,2714.0,2615.6666666666665,2417.3333333333335
20-10-1917698,20.0,10.0,1827.6666666666667,1935.0,1730.0,1587.3333333333333,1847.0,1940.6666666666667,1769.3333333333333,1656.3333333333333
10-10-1891798,10.0,10.0,2113.3333333333335,2204.0,2123.6666666666665,1997.0,2159.6666666666665,2203.3333333333335,2127.3333333333335,1969.0
15-10-1110588,15.0,10.0,1865.0,1991.3333333333333,1926.0,1804.6666666666667,1911.3333333333333,1983.0,1912.3333333333333,1852.0
10-25-1762875,10.0,25.0,2665.3333333333335,2831.0,2744.0,2482.3333333333335,2641.6666666666665,2825.0,2727.6666666666665,2598.0
10-25-1767920,10.0,25.0,2361.3333333333335,2506.0,2436.0,2246.3333333333335,2361.3333333333335,2499.6666666666665,2436.0,2225.3333333333335
5-40-1767920,5.0,40.0,2901.3333333333335,3183.3333333333335,3129.0,2746.3333333333335,2875.0,3189.6666666666665,3133.6666666666665,2888.6666666666665
5-25-1917698,5.0,25.0,2700.6666666666665,2831.6666666666665,2811.3333333333335,2725.6666666666665,2610.6666666666665,2815.0,2816.3333333333335,2656.3333333333335
5-40-1891798,5.0,40.0,3134.0,3428.6666666666665,3389.6666666666665,3131.3333333333335,3073.3333333333335,3438.0,3396.6666666666665,3138.0
5-10-1917698,5.0,10.0,1758.6666666666667,1827.0,1822.3333333333333,1754.3333333333333,1759.6666666666667,1826.6666666666667,1821.6666666666667,1755.6666666666667
25-10-1110588,25.0,10.0,1962.3333333333333,2116.6666666666665,1756.0,1519.3333333333333,1949.0,2112.6666666666665,1756.6666666666667,1489.3333333333333
25-10-1762875,25.0,10.0,1888.0,2067.0,1770.0,1478.0,1884.6666666666667,2078.6666666666665,1726.6666666666667,1534.0
5-25-1110588,5.0,25.0,2355.0,2525.3333333333335,2506.0,2385.6666666666665,2398.0,2514.6666666666665,2485.3333333333335,2364.3333333333335
15-10-1891798,15.0,10.0,1933.6666666666667,2031.0,1813.6666666666667,1721.0,1919.0,2033.6666666666667,1851.0,1701.6666666666667
20-10-1767920,20.0,10.0,1947.0,2067.6666666666665,1849.6666666666667,1714.6666666666667,1954.3333333333333,2058.0,1840.3333333333333,1746.3333333333333
5-25-1767920,5.0,25.0,2598.6666666666665,2701.3333333333335,2653.3333333333335,2479.3333333333335,2565.6666666666665,2690.3333333333335,2660.3333333333335,2502.0
5-40-1762875,5.0,40.0,3468.3333333333335,3710.6666666666665,3685.6666666666665,3422.0,3368.0,3719.3333333333335,3688.0,3434.0
20-25-1917698,20.0,25.0,2476.6666666666665,2716.3333333333335,2444.3333333333335,2267.0,2504.3333333333335,2717.0,2422.0,2186.6666666666665
20-25-1110588,20.0,25.0,2070.0,2318.3333333333335,1969.3333333333333,1556.6666666666667,2033.3333333333333,2314.0,1998.6666666666667,1348.0
10-10-1110588,10.0,10.0,1806.6666666666667,1849.0,1802.0,1706.6666666666667,1772.3333333333333,1849.0,1797.3333333333333,1706.0
25-10-1917698,25.0,10.0,1896.0,2009.3333333333333,1679.3333333333333,1479.6666666666667,1852.0,2009.0,1696.3333333333333,1524.6666666666667
20-10-1110588,20.0,10.0,1857.3333333333333,1980.0,1763.0,1668.6666666666667,1848.0,1982.3333333333333,1760.3333333333333,1626.3333333333333
5-25-1762875,5.0,25.0,2514.3333333333335,2616.0,2573.0,2409.3333333333335,2519.0,2607.0,2565.0,2406.6666666666665
15-40-1110588,15.0,40.0,3090.6666666666665,3457.0,3237.3333333333335,2742.0,3131.0,3470.3333333333335,3264.3333333333335,2906.6666666666665
5-25-1891798,5.0,25.0,2704.6666666666665,2845.6666666666665,2785.3333333333335,2654.6666666666665,2700.3333333333335,2856.0,2801.0,2654.3333333333335
10-25-1891798,10.0,25.0,2585.6666666666665,2748.3333333333335,2623.0,2344.0,2587.6666666666665,2760.3333333333335,2627.3333333333335,2419.3333333333335
10-40-1767920,10.0,40.0,3254.0,3574.0,3434.0,3083.0,3226.6666666666665,3576.6666666666665,3467.6666666666665,3151.3333333333335
10-10-1917698,10.0,10.0,1929.6666666666667,1972.0,1899.3333333333333,1835.3333333333333,1936.0,1974.0,1924.3333333333333,1800.0
15-25-1891798,15.0,25.0,2345.6666666666665,2571.0,2301.6666666666665,2013.0,2382.3333333333335,2555.0,2338.0,2116.3333333333335
15-10-1767920,15.0,10.0,1939.0,1975.3333333333333,1893.6666666666667,1834.6666666666667,1891.0,1976.0,1898.6666666666667,1794.0
5-10-1762875,5.0,10.0,1874.6666666666667,1910.3333333333333,1906.6666666666667,1846.3333333333333,1887.0,1910.0,1910.3333333333333,1860.3333333333333
10-10-1762875,10.0,10.0,2039.6666666666667,2092.3333333333335,2052.3333333333335,1996.3333333333333,2033.0,2095.3333333333335,2055.3333333333335,1962.6666666666667
10-40-1110588,10.0,40.0,2961.0,3331.0,3227.6666666666665,2736.0,2988.6666666666665,3341.3333333333335,3214.3333333333335,2907.3333333333335
10-25-1110588,10.0,25.0,2649.6666666666665,2820.3333333333335,2752.6666666666665,2588.6666666666665,2659.3333333333335,2816.0,2714.3333333333335,2527.6666666666665
25-25-1917698,25.0,25.0,2524.0,2776.0,2341.0,2169.0,2573.6666666666665,2756.6666666666665,2291.3333333333335,1431.6666666666667
25-10-1767920,25.0,10.0,2039.3333333333333,2178.3333333333335,1817.0,1710.0,1947.0,2169.0,1850.0,1466.0
5-10-1110588,5.0,10.0,1930.3333333333333,1962.0,1950.6666666666667,1894.0,1927.0,1962.0,1954.6666666666667,1885.6666666666667
15-10-1762875,15.0,10.0,1988.3333333333333,2031.3333333333333,1930.0,1722.6666666666667,1938.6666666666667,2027.0,1911.0,1742.3333333333333
15-40-1891798,15.0,40.0,3042.3333333333335,3281.3333333333335,3045.0,2480.0,2974.0,3268.3333333333335,3080.3333333333335,2745.6666666666665
25-25-1891798,25.0,25.0,2733.0,2903.3333333333335,2459.3333333333335,2024.6666666666667,2617.0,2898.3333333333335,2392.6666666666665,2045.3333333333333
10-40-1891798,10.0,40.0,3126.3333333333335,3408.6666666666665,3293.3333333333335,2965.0,3141.3333333333335,3407.3333333333335,3323.3333333333335,2980.6666666666665
15-25-1767920,15.0,25.0,2682.0,2809.0,2698.0,2287.3333333333335,2682.0,2815.0,2677.0,2415.0
25-10-1891798,25.0,10.0,1823.3333333333333,1893.0,1582.3333333333333,1349.0,1771.6666666666667,1895.0,1581.6666666666667,1224.6666666666667
15-25-1917698,15.0,25.0,2488.0,2646.6666666666665,2491.3333333333335,2324.3333333333335,2466.6666666666665,2621.6666666666665,2431.3333333333335,2294.6666666666665
25-25-1762875,25.0,25.0,2651.3333333333335,2833.6666666666665,2507.6666666666665,2280.0,2647.3333333333335,2825.6666666666665,2403.6666666666665,2135.6666666666665
10-40-1762875,10.0,40.0,3148.3333333333335,3583.0,3399.6666666666665,2662.0,3312.0,3551.3333333333335,3446.0,3143.3333333333335
10-40-1917698,10.0,40.0,3287.6666666666665,3575.6666666666665,3402.3333333333335,3142.0,3392.3333333333335,3563.3333333333335,3422.6666666666665,3092.0
25-25-1767920,25.0,25.0,2474.6666666666665,2669.3333333333335,2319.6666666666665,2030.0,2424.0,2658.3333333333335,2334.6666666666665,1935.3333333333333
20-10-1891798,20.0,10.0,2076.6666666666665,2228.6666666666665,1986.3333333333333,1920.6666666666667,2101.6666666666665,2227.6666666666665,2031.0,1879.3333333333333
5-40-1110588,5.0,40.0,3036.0,3420.6666666666665,3399.6666666666665,3117.3333333333335,3121.6666666666665,3431.0,3416.0,3162.3333333333335
15-10-1917698,15.0,10.0,1809.6666666666667,1855.3333333333333,1722.0,1603.6666666666667,1795.3333333333333,1852.0,1740.3333333333333,1633.3333333333333
5-40-1917698,5.0,40.0,3388.3333333333335,3639.6666666666665,3630.6666666666665,3407.3333333333335,3416.0,3641.0,3609.6666666666665,3363.3333333333335
20-10-1762875,20.0,10.0,1915.6666666666667,2062.6666666666665,1748.3333333333333,1662.6666666666667,1915.6666666666667,2064.3333333333335,1742.6666666666667,1595.3333333333333
15-25-1110588,15.0,25.0,2822.6666666666665,3024.6666666666665,2852.6666666666665,2434.0,2810.6666666666665,3044.3333333333335,2853.3333333333335,2696.3333333333335
