instance,settings,drone_nodes,truck_nodes,avg_random_pocket,avg_random_current,avg_warmstart_value,avg_warmstart_time_us,samples
mm-10-10-1110588,Memetic-LS_MMX,10,10,792.6666666666666,528.3333333333334,3062.0,456.0,3
mm-10-10-1110588,Memetic-LS_MPX,10,10,792.6666666666666,528.3333333333334,3062.0,428.0,3
mm-10-10-1110588,Memetic_MMX,10,10,993.0,1384.0,3062.0,429.3333333333333,3
mm-10-10-1110588,Memetic_MPX,10,10,993.0,1384.0,3062.0,446.0,3
mm-10-10-1762875,Memetic-LS_MMX,10,10,728.6666666666666,645.3333333333334,2075.0,310.3333333333333,3
mm-10-10-1762875,Memetic-LS_MPX,10,10,728.6666666666666,645.3333333333334,2075.0,320.3333333333333,3
mm-10-10-1762875,Memetic_MMX,10,10,1339.3333333333333,1099.0,2075.0,305.0,3
mm-10-10-1762875,Memetic_MPX,10,10,1339.3333333333333,1099.0,2075.0,379.6666666666667,3
mm-10-10-1767920,Memetic-LS_MMX,10,10,830.6666666666666,971.3333333333334,3006.0,399.3333333333333,3
mm-10-10-1767920,Memetic-LS_MPX,10,10,830.6666666666666,971.3333333333334,3006.0,438.6666666666667,3
mm-10-10-1767920,Memetic_MMX,10,10,1169.0,1992.3333333333333,3006.0,430.0,3
mm-10-10-1767920,Memetic_MPX,10,10,1169.0,1992.3333333333333,3006.0,430.0,3
mm-10-10-1891798,Memetic-LS_MMX,10,10,1346.3333333333333,1117.6666666666667,2712.0,472.3333333333333,3
mm-10-10-1891798,Memetic-LS_MPX,10,10,1346.3333333333333,1117.6666666666667,2712.0,744.6666666666666,3
mm-10-10-1891798,Memetic_MMX,10,10,1655.6666666666667,1665.0,2712.0,490.0,3
mm-10-10-1891798,Memetic_MPX,10,10,1655.6666666666667,1665.0,2712.0,477.6666666666667,3
mm-10-10-1917698,Memetic-LS_MMX,10,10,547.6666666666666,833.6666666666666,2691.0,306.3333333333333,3
mm-10-10-1917698,Memetic-LS_MPX,10,10,547.6666666666666,833.6666666666666,2691.0,312.6666666666667,3
mm-10-10-1917698,Memetic_MMX,10,10,1831.0,1692.6666666666667,2691.0,311.6666666666667,3
mm-10-10-1917698,Memetic_MPX,10,10,1831.0,1692.6666666666667,2691.0,286.6666666666667,3
mm-10-25-1110588,Memetic-LS_MMX,25,10,677.0,867.3333333333334,4047.0,1418.3333333333333,3
mm-10-25-1110588,Memetic-LS_MPX,25,10,677.0,867.3333333333334,4047.0,1169.6666666666667,3
mm-10-25-1110588,Memetic_MMX,25,10,823.0,3575.6666666666665,4047.0,1267.6666666666667,3
mm-10-25-1110588,Memetic_MPX,25,10,823.0,3575.6666666666665,4047.0,1268.3333333333333,3
mm-10-25-1762875,Memetic-LS_MMX,25,10,908.3333333333334,1139.0,4036.0,1294.6666666666667,3
mm-10-25-1762875,Memetic-LS_MPX,25,10,908.3333333333334,1139.0,4036.0,1401.6666666666667,3
mm-10-25-1762875,Memetic_MMX,25,10,2030.6666666666667,2697.0,4036.0,1144.6666666666667,3
mm-10-25-1762875,Memetic_MPX,25,10,2030.6666666666667,2697.0,4036.0,1305.0,3
mm-10-25-1767920,Memetic-LS_MMX,25,10,827.3333333333334,653.0,4545.0,1522.6666666666667,3
mm-10-25-1767920,Memetic-LS_MPX,25,10,827.3333333333334,653.0,4545.0,1491.3333333333333,3
mm-10-25-1767920,Memetic_MMX,25,10,3414.6666666666665,3178.3333333333335,4545.0,1663.0,3
mm-10-25-1767920,Memetic_MPX,25,10,3414.6666666666665,3178.3333333333335,4545.0,1527.6666666666667,3
mm-10-25-1891798,Memetic-LS_MMX,25,10,799.6666666666666,644.0,5250.0,1482.0,3
mm-10-25-1891798,Memetic-LS_MPX,25,10,799.6666666666666,644.0,5250.0,1396.0,3
mm-10-25-1891798,Memetic_MMX,25,10,1887.3333333333333,2677.6666666666665,5250.0,1352.0,3
mm-10-25-1891798,Memetic_MPX,25,10,1887.3333333333333,2677.6666666666665,5250.0,1414.6666666666667,3
mm-10-25-1917698,Memetic-LS_MMX,25,10,326.6666666666667,526.0,3821.0,1007.3333333333334,3
mm-10-25-1917698,Memetic-LS_MPX,25,10,326.6666666666667,526.0,3821.0,1013.6666666666666,3
mm-10-25-1917698,Memetic_MMX,25,10,774.0,1195.0,3821.0,1049.6666666666667,3
mm-10-25-1917698,Memetic_MPX,25,10,774.0,1195.0,3821.0,1255.3333333333333,3
mm-10-40-1110588,Memetic-LS_MMX,40,10,609.6666666666666,621.6666666666666,4920.0,2545.3333333333335,3
mm-10-40-1110588,Memetic-LS_MPX,40,10,609.6666666666666,621.6666666666666,4920.0,2336.6666666666665,3
mm-10-40-1110588,Memetic_MMX,40,10,3746.6666666666665,2857.0,4920.0,2501.0,3
mm-10-40-1110588,Memetic_MPX,40,10,3746.6666666666665,2857.0,4920.0,2292.3333333333335,3
mm-10-40-1762875,Memetic-LS_MMX,40,10,775.3333333333334,648.3333333333334,4298.0,1157.3333333333333,3
mm-10-40-1762875,Memetic-LS_MPX,40,10,775.3333333333334,648.3333333333334,4298.0,1263.6666666666667,3
mm-10-40-1762875,Memetic_MMX,40,10,3269.3333333333335,4083.6666666666665,4298.0,1204.3333333333333,3
mm-10-40-1762875,Memetic_MPX,40,10,3269.3333333333335,4083.6666666666665,4298.0,1152.3333333333333,3
mm-10-40-1767920,Memetic-LS_MMX,40,10,733.6666666666666,784.0,5196.0,2414.3333333333335,3
mm-10-40-1767920,Memetic-LS_MPX,40,10,733.6666666666666,784.0,5196.0,2759.0,3
mm-10-40-1767920,Memetic_MMX,40,10,4079.0,3073.0,5196.0,2291.0,3
mm-10-40-1767920,Memetic_MPX,40,10,4079.0,3073.0,5196.0,2396.3333333333335,3
mm-10-40-1891798,Memetic-LS_MMX,40,10,921.0,735.3333333333334,5359.0,2410.0,3
mm-10-40-1891798,Memetic-LS_MPX,40,10,921.0,735.3333333333334,5359.0,2481.3333333333335,3
mm-10-40-1891798,Memetic_MMX,40,10,4462.0,3494.6666666666665,5359.0,2558.0,3
mm-10-40-1891798,Memetic_MPX,40,10,4462.0,3494.6666666666665,5359.0,2362.0,3
mm-10-40-1917698,Memetic-LS_MMX,40,10,602.3333333333334,532.6666666666666,5221.0,2774.0,3
mm-10-40-1917698,Memetic-LS_MPX,40,10,602.3333333333334,532.6666666666666,5221.0,3401.6666666666665,3
mm-10-40-1917698,Memetic_MMX,40,10,3617.0,3918.3333333333335,5221.0,2707.3333333333335,3
mm-10-40-1917698,Memetic_MPX,40,10,3617.0,3918.3333333333335,5221.0,2770.3333333333335,3
mm-15-10-1110588,Memetic-LS_MMX,10,15,531.3333333333334,280.3333333333333,2533.0,555.6666666666666,3
mm-15-10-1110588,Memetic-LS_MPX,10,15,531.3333333333334,280.3333333333333,2533.0,687.3333333333334,3
mm-15-10-1110588,Memetic_MMX,10,15,1512.3333333333333,1330.6666666666667,2533.0,566.6666666666666,3
mm-15-10-1110588,Memetic_MPX,10,15,1512.3333333333333,1330.6666666666667,2533.0,581.3333333333334,3
mm-15-10-1762875,Memetic-LS_MMX,10,15,573.6666666666666,420.0,2770.0,691.0,3
mm-15-10-1762875,Memetic-LS_MPX,10,15,573.6666666666666,420.0,2770.0,660.0,3
mm-15-10-1762875,Memetic_MMX,10,15,1482.3333333333333,1368.0,2770.0,650.6666666666666,3
mm-15-10-1762875,Memetic_MPX,10,15,1482.3333333333333,1368.0,2770.0,651.6666666666666,3
mm-15-10-1767920,Memetic-LS_MMX,10,15,590.0,405.3333333333333,3129.0,575.3333333333334,3
mm-15-10-1767920,Memetic-LS_MPX,10,15,590.0,405.3333333333333,3129.0,584.3333333333334,3
mm-15-10-1767920,Memetic_MMX,10,15,908.3333333333334,1886.3333333333333,3129.0,628.6666666666666,3
mm-15-10-1767920,Memetic_MPX,10,15,908.3333333333334,1886.3333333333333,3129.0,830.3333333333334,3
mm-15-10-1891798,Memetic-LS_MMX,10,15,770.6666666666666,607.3333333333334,2942.0,1087.0,3
mm-15-10-1891798,Memetic-LS_MPX,10,15,770.6666666666666,607.3333333333334,2942.0,690.6666666666666,3
mm-15-10-1891798,Memetic_MMX,10,15,2597.3333333333335,1311.6666666666667,2942.0,797.6666666666666,3
mm-15-10-1891798,Memetic_MPX,10,15,2597.3333333333335,1311.6666666666667,2942.0,675.3333333333334,3
mm-15-10-1917698,Memetic-LS_MMX,10,15,535.6666666666666,512.6666666666666,2951.0,540.6666666666666,3
mm-15-10-1917698,Memetic-LS_MPX,10,15,535.6666666666666,512.6666666666666,2951.0,621.6666666666666,3
mm-15-10-1917698,Memetic_MMX,10,15,896.0,1598.3333333333333,2951.0,549.3333333333334,3
mm-15-10-1917698,Memetic_MPX,10,15,896.0,1598.3333333333333,2951.0,556.6666666666666,3
mm-15-25-1110588,Memetic-LS_MMX,25,15,289.6666666666667,385.6666666666667,3971.0,1129.6666666666667,3
mm-15-25-1110588,Memetic-LS_MPX,25,15,289.6666666666667,385.6666666666667,3971.0,1139.6666666666667,3
mm-15-25-1110588,Memetic_MMX,25,15,3200.0,3129.6666666666665,3971.0,1139.0,3
mm-15-25-1110588,Memetic_MPX,25,15,3200.0,3129.6666666666665,3971.0,1087.0,3
mm-15-25-1762875,Memetic-LS_MMX,25,15,379.3333333333333,478.3333333333333,4342.0,1758.0,3
mm-15-25-1762875,Memetic-LS_MPX,25,15,379.3333333333333,478.3333333333333,4342.0,1570.0,3
mm-15-25-1762875,Memetic_MMX,25,15,2224.3333333333335,3720.0,4342.0,1556.3333333333333,3
mm-15-25-1762875,Memetic_MPX,25,15,2224.3333333333335,3720.0,4342.0,1778.0,3
mm-15-25-1767920,Memetic-LS_MMX,25,15,431.3333333333333,383.6666666666667,3752.0,1554.0,3
mm-15-25-1767920,Memetic-LS_MPX,25,15,431.3333333333333,383.6666666666667,3752.0,1799.6666666666667,3
mm-15-25-1767920,Memetic_MMX,25,15,3316.0,2424.6666666666665,3752.0,2495.0,3
mm-15-25-1767920,Memetic_MPX,25,15,3316.0,2424.6666666666665,3752.0,1816.0,3
mm-15-25-1891798,Memetic-LS_MMX,25,15,549.0,563.6666666666666,4355.0,1490.0,3
mm-15-25-1891798,Memetic-LS_MPX,25,15,549.0,563.6666666666666,4355.0,1610.3333333333333,3
mm-15-25-1891798,Memetic_MMX,25,15,2205.3333333333335,2508.6666666666665,4355.0,1554.6666666666667,3
mm-15-25-1891798,Memetic_MPX,25,15,2205.3333333333335,2508.6666666666665,4355.0,1699.3333333333333,3
mm-15-25-1917698,Memetic-LS_MMX,25,15,502.3333333333333,706.3333333333334,4302.0,1711.3333333333333,3
mm-15-25-1917698,Memetic-LS_MPX,25,15,502.3333333333333,706.3333333333334,4302.0,1687.0,3
mm-15-25-1917698,Memetic_MMX,25,15,3020.0,2361.3333333333335,4302.0,1932.3333333333333,3
mm-15-25-1917698,Memetic_MPX,25,15,3020.0,2361.3333333333335,4302.0,1923.6666666666667,3
mm-15-40-1110588,Memetic-LS_MMX,40,15,271.3333333333333,388.0,5711.0,3202.0,3
mm-15-40-1110588,Memetic-LS_MPX,40,15,271.3333333333333,388.0,5711.0,3321.3333333333335,3
mm-15-40-1110588,Memetic_MMX,40,15,4068.6666666666665,3560.3333333333335,5711.0,4011.3333333333335,3
mm-15-40-1110588,Memetic_MPX,40,15,4068.6666666666665,3560.3333333333335,5711.0,3614.6666666666665,3
mm-15-40-1762875,Memetic-LS_MMX,40,15,546.0,307.6666666666667,5171.0,2519.6666666666665,3
mm-15-40-1762875,Memetic-LS_MPX,40,15,546.0,307.6666666666667,5171.0,2609.0,3
mm-15-40-1762875,Memetic_MMX,40,15,2194.6666666666665,3180.0,5171.0,2554.3333333333335,3
mm-15-40-1762875,Memetic_MPX,40,15,2194.6666666666665,3180.0,5171.0,2804.0,3
mm-15-40-1767920,Memetic-LS_MMX,40,15,532.3333333333334,510.0,5235.0,3229.0,3
mm-15-40-1767920,Memetic-LS_MPX,40,15,532.3333333333334,510.0,5235.0,3399.3333333333335,3
mm-15-40-1767920,Memetic_MMX,40,15,3919.3333333333335,1374.6666666666667,5235.0,3145.0,3
mm-15-40-1767920,Memetic_MPX,40,15,3919.3333333333335,1374.6666666666667,5235.0,3338.6666666666665,3
mm-15-40-1891798,Memetic-LS_MMX,40,15,522.6666666666666,594.6666666666666,4560.0,2100.6666666666665,3
mm-15-40-1891798,Memetic-LS_MPX,40,15,522.6666666666666,594.6666666666666,4560.0,2102.0,3
mm-15-40-1891798,Memetic_MMX,40,15,3191.6666666666665,2658.6666666666665,4560.0,2279.6666666666665,3
mm-15-40-1891798,Memetic_MPX,40,15,3191.6666666666665,2658.6666666666665,4560.0,2502.0,3
mm-15-40-1917698,Memetic-LS_MMX,40,15,398.6666666666667,302.3333333333333,5389.0,2997.0,3
mm-15-40-1917698,Memetic-LS_MPX,40,15,398.6666666666667,302.3333333333333,5389.0,3134.3333333333335,3
mm-15-40-1917698,Memetic_MMX,40,15,3799.6666666666665,1680.0,5389.0,2932.0,3
mm-15-40-1917698,Memetic_MPX,40,15,3799.6666666666665,1680.0,5389.0,3144.6666666666665,3
mm-20-10-1110588,Memetic-LS_MMX,10,20,581.3333333333334,284.0,2496.0,499.3333333333333,3
mm-20-10-1110588,Memetic-LS_MPX,10,20,581.3333333333334,284.0,2496.0,463.6666666666667,3
mm-20-10-1110588,Memetic_MMX,10,20,1554.0,1927.3333333333333,2496.0,464.0,3
mm-20-10-1110588,Memetic_MPX,10,20,1554.0,1927.3333333333333,2496.0,504.0,3
mm-20-10-1762875,Memetic-LS_MMX,10,20,253.66666666666666,443.0,1693.0,217.66666666666666,3
mm-20-10-1762875,Memetic-LS_MPX,10,20,253.66666666666666,443.0,1693.0,217.33333333333334,3
mm-20-10-1762875,Memetic_MMX,10,20,1605.3333333333333,1652.6666666666667,1693.0,217.66666666666666,3
mm-20-10-1762875,Memetic_MPX,10,20,1605.3333333333333,1652.6666666666667,1693.0,615.6666666666666,3
mm-20-10-1767920,Memetic-LS_MMX,10,20,683.6666666666666,299.0,2972.0,834.3333333333334,3
mm-20-10-1767920,Memetic-LS_MPX,10,20,683.6666666666666,299.0,2972.0,842.6666666666666,3
mm-20-10-1767920,Memetic_MMX,10,20,1503.6666666666667,1065.6666666666667,2972.0,805.0,3
mm-20-10-1767920,Memetic_MPX,10,20,1503.6666666666667,1065.6666666666667,2972.0,874.6666666666666,3
mm-20-10-1891798,Memetic-LS_MMX,10,20,496.0,432.6666666666667,3195.0,858.0,3
mm-20-10-1891798,Memetic-LS_MPX,10,20,496.0,432.6666666666667,3195.0,791.6666666666666,3
mm-20-10-1891798,Memetic_MMX,10,20,1845.0,3289.6666666666665,3195.0,814.6666666666666,3
mm-20-10-1891798,Memetic_MPX,10,20,1845.0,3289.6666666666665,3195.0,789.0,3
mm-20-10-1917698,Memetic-LS_MMX,10,20,475.6666666666667,352.0,2360.0,697.0,3
mm-20-10-1917698,Memetic-LS_MPX,10,20,475.6666666666667,352.0,2360.0,638.0,3
mm-20-10-1917698,Memetic_MMX,10,20,1109.6666666666667,1642.0,2360.0,1182.0,3
mm-20-10-1917698,Memetic_MPX,10,20,1109.6666666666667,1642.0,2360.0,671.3333333333334,3
mm-20-25-1110588,Memetic-LS_MMX,25,20,779.3333333333334,538.3333333333334,4126.0,1549.3333333333333,3
mm-20-25-1110588,Memetic-LS_MPX,25,20,779.3333333333334,538.3333333333334,4126.0,1503.6666666666667,3
mm-20-25-1110588,Memetic_MMX,25,20,2125.0,2811.3333333333335,4126.0,1539.3333333333333,3
mm-20-25-1110588,Memetic_MPX,25,20,2125.0,2811.3333333333335,4126.0,1557.0,3
mm-20-25-1762875,Memetic-LS_MMX,25,20,467.3333333333333,567.3333333333334,2119.0,953.0,3
mm-20-25-1762875,Memetic-LS_MPX,25,20,467.3333333333333,567.3333333333334,2119.0,424.6666666666667,3
mm-20-25-1762875,Memetic_MMX,25,20,2556.0,2062.3333333333335,2119.0,391.0,3
mm-20-25-1762875,Memetic_MPX,25,20,2556.0,2062.3333333333335,2119.0,511.6666666666667,3
mm-20-25-1767920,Memetic-LS_MMX,25,20,414.0,562.0,4107.0,1618.6666666666667,3
mm-20-25-1767920,Memetic-LS_MPX,25,20,414.0,562.0,4107.0,1773.0,3
mm-20-25-1767920,Memetic_MMX,25,20,2906.3333333333335,3801.0,4107.0,1749.6666666666667,3
mm-20-25-1767920,Memetic_MPX,25,20,2906.3333333333335,3801.0,4107.0,1760.0,3
mm-20-25-1891798,Memetic-LS_MMX,25,20,501.3333333333333,654.6666666666666,3506.0,1424.0,3
mm-20-25-1891798,Memetic-LS_MPX,25,20,501.3333333333333,654.6666666666666,3506.0,1506.3333333333333,3
mm-20-25-1891798,Memetic_MMX,25,20,2693.6666666666665,2196.6666666666665,3506.0,1377.6666666666667,3
mm-20-25-1891798,Memetic_MPX,25,20,2693.6666666666665,2196.6666666666665,3506.0,1436.0,3
mm-20-25-1917698,Memetic-LS_MMX,25,20,462.6666666666667,341.6666666666667,4092.0,2002.3333333333333,3
mm-20-25-1917698,Memetic-LS_MPX,25,20,462.6666666666667,341.6666666666667,4092.0,1657.3333333333333,3
mm-20-25-1917698,Memetic_MMX,25,20,1916.6666666666667,2134.6666666666665,4092.0,1617.6666666666667,3
mm-20-25-1917698,Memetic_MPX,25,20,1916.6666666666667,2134.6666666666665,4092.0,2444.6666666666665,3
mm-25-10-1110588,Memetic-LS_MMX,10,25,481.6666666666667,352.0,3116.0,679.6666666666666,3
mm-25-10-1110588,Memetic-LS_MPX,10,25,481.6666666666667,352.0,3116.0,621.3333333333334,3
mm-25-10-1110588,Memetic_MMX,10,25,1639.0,1567.3333333333333,3116.0,596.0,3
mm-25-10-1110588,Memetic_MPX,10,25,1639.0,1567.3333333333333,3116.0,634.3333333333334,3
mm-25-10-1762875,Memetic-LS_MMX,10,25,546.0,434.3333333333333,2954.0,885.3333333333334,3
mm-25-10-1762875,Memetic-LS_MPX,10,25,546.0,434.3333333333333,2954.0,1059.0,3
mm-25-10-1762875,Memetic_MMX,10,25,681.0,1263.0,2954.0,924.3333333333334,3
mm-25-10-1762875,Memetic_MPX,10,25,681.0,1263.0,2954.0,1097.3333333333333,3
mm-25-10-1767920,Memetic-LS_MMX,10,25,444.6666666666667,470.0,2247.0,457.0,3
mm-25-10-1767920,Memetic-LS_MPX,10,25,444.6666666666667,470.0,2247.0,441.3333333333333,3
mm-25-10-1767920,Memetic_MMX,10,25,1282.3333333333333,1328.3333333333333,2247.0,439.6666666666667,3
mm-25-10-1767920,Memetic_MPX,10,25,1282.3333333333333,1328.3333333333333,2247.0,516.0,3
mm-25-10-1891798,Memetic-LS_MMX,10,25,529.3333333333334,520.3333333333334,2708.0,737.3333333333334,3
mm-25-10-1891798,Memetic-LS_MPX,10,25,529.3333333333334,520.3333333333334,2708.0,617.3333333333334,3
mm-25-10-1891798,Memetic_MMX,10,25,1026.3333333333333,2068.3333333333335,2708.0,1041.6666666666667,3
mm-25-10-1891798,Memetic_MPX,10,25,1026.3333333333333,2068.3333333333335,2708.0,592.6666666666666,3
mm-25-10-1917698,Memetic-LS_MMX,10,25,251.33333333333334,580.3333333333334,2869.0,1035.6666666666667,3
mm-25-10-1917698,Memetic-LS_MPX,10,25,251.33333333333334,580.3333333333334,2869.0,1039.0,3
mm-25-10-1917698,Memetic_MMX,10,25,1512.6666666666667,1461.3333333333333,2869.0,1050.3333333333333,3
mm-25-10-1917698,Memetic_MPX,10,25,1512.6666666666667,1461.3333333333333,2869.0,1027.3333333333333,3
mm-25-25-1110588,Memetic-LS_MMX,25,25,376.3333333333333,419.6666666666667,2709.0,595.3333333333334,3
mm-25-25-1110588,Memetic-LS_MPX,25,25,376.3333333333333,419.6666666666667,2709.0,597.3333333333334,3
mm-25-25-1110588,Memetic_MMX,25,25,2609.6666666666665,2680.3333333333335,2709.0,596.6666666666666,3
mm-25-25-1110588,Memetic_MPX,25,25,2609.6666666666665,2680.3333333333335,2709.0,602.0,3
mm-25-25-1762875,Memetic-LS_MMX,25,25,572.3333333333334,344.6666666666667,3098.0,1395.0,3
mm-25-25-1762875,Memetic-LS_MPX,25,25,572.3333333333334,344.6666666666667,3098.0,1394.0,3
mm-25-25-1762875,Memetic_MMX,25,25,2548.0,2609.6666666666665,3098.0,1311.0,3
mm-25-25-1762875,Memetic_MPX,25,25,2548.0,2609.6666666666665,3098.0,1289.0,3
mm-25-25-1767920,Memetic-LS_MMX,25,25,404.0,489.0,4549.0,2346.6666666666665,3
mm-25-25-1767920,Memetic-LS_MPX,25,25,404.0,489.0,4549.0,2363.3333333333335,3
mm-25-25-1767920,Memetic_MMX,25,25,3890.0,2063.6666666666665,4549.0,2482.6666666666665,3
mm-25-25-1767920,Memetic_MPX,25,25,3890.0,2063.6666666666665,4549.0,2478.0,3
mm-25-25-1891798,Memetic-LS_MMX,25,25,518.0,654.3333333333334,2139.0,497.0,3
mm-25-25-1891798,Memetic-LS_MPX,25,25,518.0,654.3333333333334,2139.0,623.6666666666666,3
mm-25-25-1891798,Memetic_MMX,25,25,2577.6666666666665,3211.6666666666665,2139.0,523.0,3
mm-25-25-1891798,Memetic_MPX,25,25,2577.6666666666665,3211.6666666666665,2139.0,504.3333333333333,3
mm-25-25-1917698,Memetic-LS_MMX,25,25,460.3333333333333,465.0,2367.0,596.6666666666666,3
mm-25-25-1917698,Memetic-LS_MPX,25,25,460.3333333333333,465.0,2367.0,602.6666666666666,3
mm-25-25-1917698,Memetic_MMX,25,25,1764.3333333333333,2743.6666666666665,2367.0,580.3333333333334,3
mm-25-25-1917698,Memetic_MPX,25,25,1764.3333333333333,2743.6666666666665,2367.0,599.6666666666666,3
mm-5-10-1110588,Memetic-LS_MMX,10,5,607.3333333333334,603.3333333333334,2135.0,211.33333333333334,3
mm-5-10-1110588,Memetic-LS_MPX,10,5,607.3333333333334,603.3333333333334,2135.0,227.33333333333334,3
mm-5-10-1110588,Memetic_MMX,10,5,2314.0,2229.3333333333335,2135.0,178.0,3
mm-5-10-1110588,Memetic_MPX,10,5,2314.0,2229.3333333333335,2135.0,167.0,3
mm-5-10-1762875,Memetic-LS_MMX,10,5,740.3333333333334,856.3333333333334,1849.0,130.66666666666666,3
mm-5-10-1762875,Memetic-LS_MPX,10,5,740.3333333333334,856.3333333333334,1849.0,165.66666666666666,3
mm-5-10-1762875,Memetic_MMX,10,5,1715.0,1668.0,1849.0,115.33333333333333,3
mm-5-10-1762875,Memetic_MPX,10,5,1715.0,1668.0,1849.0,115.0,3
mm-5-10-1767920,Memetic-LS_MMX,10,5,849.0,914.3333333333334,2440.0,186.0,3
mm-5-10-1767920,Memetic-LS_MPX,10,5,849.0,914.3333333333334,2440.0,178.33333333333334,3
mm-5-10-1767920,Memetic_MMX,10,5,2393.6666666666665,2235.3333333333335,2440.0,168.33333333333334,3
mm-5-10-1767920,Memetic_MPX,10,5,2393.6666666666665,2235.3333333333335,2440.0,172.0,3
mm-5-10-1891798,Memetic-LS_MMX,10,5,901.3333333333334,1040.3333333333333,2352.1,158.66666666666666,3
mm-5-10-1891798,Memetic-LS_MPX,10,5,901.3333333333334,1040.3333333333333,2352.1,171.33333333333334,3
mm-5-10-1891798,Memetic_MMX,10,5,2091.6666666666665,2373.0,2352.1,169.33333333333334,3
mm-5-10-1891798,Memetic_MPX,10,5,2091.6666666666665,2373.0,2352.1,165.0,3
mm-5-10-1917698,Memetic-LS_MMX,10,5,984.0,935.0,2576.8,279.6666666666667,3
mm-5-10-1917698,Memetic-LS_MPX,10,5,984.0,935.0,2576.8,270.6666666666667,3
mm-5-10-1917698,Memetic_MMX,10,5,2410.6666666666665,2254.3333333333335,2576.8,309.0,3
mm-5-10-1917698,Memetic_MPX,10,5,2410.6666666666665,2254.3333333333335,2576.8,298.0,3
mm-5-25-1110588,Memetic-LS_MMX,25,5,1460.0,1559.0,3236.0,538.3333333333334,3
mm-5-25-1110588,Memetic-LS_MPX,25,5,1460.0,1559.0,3236.0,611.6666666666666,3
mm-5-25-1110588,Memetic_MMX,25,5,2282.6666666666665,2730.99,3236.0,726.0,3
mm-5-25-1110588,Memetic_MPX,25,5,2282.6666666666665,2730.99,3236.0,528.6666666666666,3
mm-5-25-1762875,Memetic-LS_MMX,25,5,1550.0,1283.3333333333333,4518.0,990.0,3
mm-5-25-1762875,Memetic-LS_MPX,25,5,1550.0,1283.3333333333333,4518.0,1021.3333333333334,3
mm-5-25-1762875,Memetic_MMX,25,5,3406.3333333333335,3379.0,4518.0,990.6666666666666,3
mm-5-25-1762875,Memetic_MPX,25,5,3406.3333333333335,3379.0,4518.0,1658.0,3
mm-5-25-1767920,Memetic-LS_MMX,25,5,1725.6666666666667,1459.6666666666667,4394.71,901.0,3
mm-5-25-1767920,Memetic-LS_MPX,25,5,1725.6666666666667,1459.6666666666667,4394.71,983.6666666666666,3
mm-5-25-1767920,Memetic_MMX,25,5,2607.0,3299.3333333333335,4394.71,1006.0,3
mm-5-25-1767920,Memetic_MPX,25,5,2607.0,3299.3333333333335,4394.71,1274.3333333333333,3
mm-5-25-1891798,Memetic-LS_MMX,25,5,1634.3333333333333,1787.0,3709.0,610.6666666666666,3
mm-5-25-1891798,Memetic-LS_MPX,25,5,1634.3333333333333,1787.0,3709.0,631.3333333333334,3
mm-5-25-1891798,Memetic_MMX,25,5,2604.6666666666665,2868.6666666666665,3709.0,612.6666666666666,3
mm-5-25-1891798,Memetic_MPX,25,5,2604.6666666666665,2868.6666666666665,3709.0,594.0,3
mm-5-25-1917698,Memetic-LS_MMX,25,5,1316.0,1465.0,3880.0,871.0,3
mm-5-25-1917698,Memetic-LS_MPX,25,5,1316.0,1465.0,3880.0,925.3333333333334,3
mm-5-25-1917698,Memetic_MMX,25,5,3284.0,3234.0,3880.0,910.6666666666666,3
mm-5-25-1917698,Memetic_MPX,25,5,3284.0,3234.0,3880.0,885.3333333333334,3
mm-5-40-1110588,Memetic-LS_MMX,40,5,1357.0,1381.6666666666667,5453.0,2125.0,3
mm-5-40-1110588,Memetic-LS_MPX,40,5,1357.0,1381.6666666666667,5453.0,2127.3333333333335,3
mm-5-40-1110588,Memetic_MMX,40,5,3556.3333333333335,4325.0,5453.0,2063.0,3
mm-5-40-1110588,Memetic_MPX,40,5,3556.3333333333335,4325.0,5453.0,2052.0,3
mm-5-40-1762875,Memetic-LS_MMX,40,5,1019.3333333333334,1346.6666666666667,5086.0,1666.3333333333333,3
mm-5-40-1762875,Memetic-LS_MPX,40,5,1019.3333333333334,1346.6666666666667,5086.0,1724.6666666666667,3
mm-5-40-1762875,Memetic_MMX,40,5,2836.6666666666665,3942.3333333333335,5086.0,1802.6666666666667,3
mm-5-40-1762875,Memetic_MPX,40,5,2836.6666666666665,3942.3333333333335,5086.0,1687.0,3
mm-5-40-1767920,Memetic-LS_MMX,40,5,1030.3333333333333,1054.3333333333333,5635.0,2751.3333333333335,3
mm-5-40-1767920,Memetic-LS_MPX,40,5,1030.3333333333333,1054.3333333333333,5635.0,2522.3333333333335,3
mm-5-40-1767920,Memetic_MMX,40,5,4357.0,4254.0,5635.0,2540.6666666666665,3
mm-5-40-1767920,Memetic_MPX,40,5,4357.0,4254.0,5635.0,2691.3333333333335,3
mm-5-40-1891798,Memetic-LS_MMX,40,5,1364.3333333333333,1398.0,5818.0,3183.6666666666665,3
mm-5-40-1891798,Memetic-LS_MPX,40,5,1364.3333333333333,1398.0,5818.0,2357.0,3
mm-5-40-1891798,Memetic_MMX,40,5,4112.333333333333,4322.333333333333,5818.0,2494.3333333333335,3
mm-5-40-1891798,Memetic_MPX,40,5,4112.333333333333,4322.333333333333,5818.0,2331.3333333333335,3
mm-5-40-1917698,Memetic-LS_MMX,40,5,1426.3333333333333,1136.0,5637.0,3047.0,3
mm-5-40-1917698,Memetic-LS_MPX,40,5,1426.3333333333333,1136.0,5637.0,2827.3333333333335,3
mm-5-40-1917698,Memetic_MMX,40,5,2596.3333333333335,3858.3333333333335,5637.0,2915.3333333333335,3
mm-5-40-1917698,Memetic_MPX,40,5,2596.3333333333335,3858.3333333333335,5637.0,2880.3333333333335,3
