instance,settings,m,n,value,time,nIter,best_iter,improv_count
WS_mm-10-40-1917698,Memetic_MMX_1099666,10,40,7740.0,1024009.0,52262,52262,52263
WS_mm-10-10-1762875,Memetic-LS_MMX_1881515,10,10,2831.0,1024001.0,4706503,4706503,4706504
WS_mm-10-10-1917698,Memetic_MMX_1881515,10,10,3583.0,1024003.0,351210,351210,351211
WS_mm-10-25-1917698,Memetic-LS_MMX_1099666,10,25,4607.0,1024001.0,1454757,1454757,1454758
WS_mm-5-40-1917698,Memetic-LS_MMX_1881515,5,40,6652.0,1024001.0,746692,746692,746693
WS_mm-25-10-1917698,Memetic-LS_MPX_1099666,25,10,2427.0,1024001.0,2134780,2134780,2134781
WS_mm-15-40-1767920,Memetic_MPX_1099666,15,40,7408.0,1024001.0,57287,57287,57288
WS_mm-5-10-1891798,Memetic-LS_MMX_1881515,5,10,3171.0,1024001.0,4889303,4889303,4889304
WS_mm-25-25-1762875,Memetic-LS_MPX_1287823,25,25,2208.0,1024004.0,1210560,1210560,1210561
WS_mm-10-25-1110588,Memetic-LS_MMX_1287823,10,25,5479.0,1024001.0,1095194,1095194,1095195
WS_mm-25-25-1110588,Memetic_MPX_1287823,25,25,5925.0,1024003.0,94944,94944,94945
WS_mm-20-25-1917698,Memetic_MMX_1287823,20,25,6560.0,1024010.0,69561,69561,69562
WS_mm-20-10-1110588,Memetic-LS_MMX_1287823,20,10,3569.0,1024001.0,2592244,2592244,2592245
WS_mm-5-25-1762875,Memetic-LS_MMX_1099666,5,25,5459.0,1024001.0,1379221,1379221,1379222
WS_mm-5-40-1891798,Memetic-LS_MMX_1287823,5,40,6724.0,1024003.0,760880,760880,760881
WS_mm-10-25-1767920,Memetic-LS_MMX_1287823,10,25,5787.0,1024001.0,970572,970572,970573
WS_mm-10-25-1891798,Memetic-LS_MPX_1099666,10,25,5067.0,1024001.0,1007701,1007701,1007702
WS_mm-20-25-1891798,Memetic_MMX_1881515,20,25,6387.0,1024004.0,88930,88930,88931
WS_mm-20-25-1917698,Memetic_MPX_1099666,20,25,5746.0,1024004.0,111693,111693,111694
WS_mm-25-10-1917698,Memetic_MPX_1881515,25,10,4405.0,1024007.0,173305,173305,173306
WS_mm-5-25-1917698,Memetic_MPX_1287823,5,25,5136.0,1024009.0,172700,172700,172701
WS_mm-15-10-1917698,Memetic-LS_MMX_1099666,15,10,3776.0,1024001.0,2772802,2772802,2772803
WS_mm-20-25-1762875,Memetic_MPX_1287823,20,25,5708.0,1024007.0,97672,97672,97673
WS_mm-25-25-1891798,Memetic-LS_MMX_1287823,25,25,5165.0,1024001.0,1008343,1008343,1008344
WS_mm-10-25-1110588,Memetic-LS_MMX_1099666,10,25,5379.0,1024002.0,1285394,1285394,1285395
WS_mm-5-40-1891798,Memetic-LS_MMX_1099666,5,40,6757.0,1024006.0,745448,745448,745449
WS_mm-5-40-1767920,Memetic_MPX_1099666,5,40,7529.0,1024013.0,70228,70228,70229
WS_mm-10-40-1762875,Memetic_MPX_1287823,10,40,7328.0,1024007.0,79031,79031,79032
WS_mm-10-25-1891798,Memetic-LS_MMX_1099666,10,25,5222.0,1024001.0,1290331,1290331,1290332
WS_mm-25-25-1767920,Memetic-LS_MMX_1287823,25,25,5300.0,1024001.0,1099698,1099698,1099699
WS_mm-20-25-1767920,Memetic-LS_MMX_1881515,20,25,5336.0,1024001.0,1077222,1077222,1077223
WS_mm-5-40-1917698,Memetic-LS_MPX_1287823,5,40,6010.0,1024004.0,731019,731019,731020
WS_mm-25-10-1891798,Memetic-LS_MMX_1099666,25,10,4047.0,1024001.0,2123983,2123983,2123984
WS_mm-10-25-1767920,Memetic_MMX_1881515,10,25,6360.0,1024003.0,101872,101872,101873
WS_mm-20-10-1762875,Memetic_MPX_1287823,20,10,4019.0,1024002.0,241462,241462,241463
WS_mm-5-10-1767920,Memetic_MMX_1881515,5,10,3031.0,1024001.0,681105,681105,681106
WS_mm-25-10-1767920,Memetic_MMX_1881515,25,10,4479.0,1024001.0,142553,142553,142554
WS_mm-25-25-1762875,Memetic-LS_MMX_1881515,25,25,4873.0,1024002.0,1053481,1053481,1053482
WS_mm-20-25-1762875,Memetic_MMX_1287823,20,25,6405.0,128003.0,9193,9193,9192
WS_mm-15-40-1762875,Memetic-LS_MMX_1287823,15,40,5751.0,1024009.0,628344,628344,628345
WS_mm-15-40-1110588,Memetic_MMX_1287823,15,40,8514.0,1024003.0,60074,60074,60075
WS_mm-25-10-1917698,Memetic_MPX_1287823,25,10,4321.0,1024003.0,174970,174970,174971
WS_mm-5-40-1767920,Memetic_MMX_1287823,5,40,7681.0,1024017.0,64317,64317,64318
WS_mm-20-10-1891798,Memetic-LS_MMX_1881515,20,10,4031.0,1024001.0,2411461,2411461,2411462
WS_mm-10-40-1767920,Memetic-LS_MPX_1287823,10,40,5906.0,1024001.0,676386,676386,676387
WS_mm-10-40-1110588,Memetic-LS_MPX_1287823,10,40,6263.0,1024001.0,660636,660636,660637
WS_mm-25-25-1762875,Memetic_MMX_1881515,25,25,6467.0,1024004.0,81371,81371,81372
WS_mm-5-25-1891798,Memetic_MMX_1287823,5,25,5232.0,512003.0,99966,99966,99965
WS_mm-15-10-1891798,Memetic-LS_MMX_1287823,15,10,4331.0,1024001.0,2543365,2543365,2543366
WS_mm-10-40-1110588,Memetic_MPX_1099666,10,40,7139.0,1024001.0,69318,69318,69319
WS_mm-5-25-1891798,Memetic_MMX_1099666,5,25,5266.0,512005.0,91024,91024,91023
WS_mm-25-10-1762875,Memetic-LS_MPX_1881515,25,10,2237.0,1024001.0,2128032,2128032,2128033
WS_mm-5-25-1762875,Memetic_MPX_1287823,5,25,5659.0,1024001.0,138871,138871,138872
WS_mm-15-10-1767920,Memetic-LS_MPX_1881515,15,10,3539.0,1024001.0,2100039,2100039,2100040
WS_mm-10-10-1891798,Memetic-LS_MPX_1099666,10,10,3079.0,1024001.0,2109199,2109199,2109200
WS_mm-20-10-1891798,Memetic_MMX_1881515,20,10,4982.0,1024005.0,180046,180046,180047
WS_mm-15-40-1917698,Memetic_MPX_1881515,15,40,7627.0,1024014.0,70866,70866,70867
WS_mm-10-25-1767920,Memetic-LS_MPX_1099666,10,25,5304.0,1024001.0,962860,962860,962861
WS_mm-25-25-1762875,Memetic-LS_MMX_1287823,25,25,4718.0,1024001.0,1113128,1113128,1113129
WS_mm-15-10-1767920,Memetic-LS_MMX_1881515,15,10,3991.0,1024001.0,2078568,2078568,2078569
WS_mm-10-10-1891798,Memetic-LS_MPX_1881515,10,10,3116.0,1024001.0,2263385,2263385,2263386
WS_mm-25-25-1762875,Memetic-LS_MMX_1099666,25,25,4820.0,1024001.0,946748,946748,946749
WS_mm-5-10-1110588,Memetic_MMX_1881515,5,10,2723.0,1024005.0,610801,610801,610802
WS_mm-10-40-1762875,Memetic-LS_MMX_1287823,10,40,5966.0,1024008.0,689120,689120,689121
WS_mm-10-10-1917698,Memetic_MMX_1099666,10,10,3584.0,1024003.0,356212,356212,356213
WS_mm-5-25-1917698,Memetic-LS_MPX_1881515,5,25,4821.0,1024001.0,1095233,1095233,1095234
WS_mm-20-10-1110588,Memetic_MMX_1881515,20,10,4220.0,1024001.0,210977,210977,210978
WS_mm-5-10-1110588,Memetic_MMX_1287823,5,10,2723.0,1024002.0,579098,579098,579099
WS_mm-25-10-1917698,Memetic-LS_MMX_1881515,25,10,4164.0,1024001.0,2059173,2059173,2059174
WS_mm-15-25-1110588,Memetic_MPX_1099666,15,25,6566.0,1024001.0,110145,110145,110146
WS_mm-15-25-1110588,Memetic-LS_MMX_1287823,15,25,6198.0,1024001.0,734781,734781,734782
WS_mm-25-10-1110588,Memetic-LS_MPX_1287823,25,10,2476.0,1024001.0,2189714,2189714,2189715
WS_mm-20-25-1762875,Memetic_MPX_1099666,20,25,5682.0,1024008.0,100529,100529,100530
WS_mm-20-25-1110588,Memetic_MMX_1881515,20,25,6509.0,1024004.0,80715,80715,80716
WS_mm-5-40-1110588,Memetic-LS_MPX_1099666,5,40,6739.0,1024001.0,674190,674190,674191
WS_mm-5-40-1762875,Memetic_MPX_1099666,5,40,6738.0,1024002.0,88338,88338,88339
WS_mm-15-10-1767920,Memetic_MPX_1099666,15,10,4291.0,1024005.0,232010,232010,232011
WS_mm-5-40-1762875,Memetic-LS_MPX_1881515,5,40,5622.0,1024006.0,599824,599824,599825
WS_mm-10-40-1110588,Memetic_MMX_1881515,10,40,7574.0,1024004.0,80364,80364,80365
WS_mm-5-40-1917698,Memetic-LS_MMX_1099666,5,40,6570.0,1024002.0,589595,589595,589596
WS_mm-20-25-1917698,Memetic_MPX_1287823,20,25,5385.0,1024002.0,113583,113583,113584
WS_mm-15-10-1917698,Memetic_MPX_1881515,15,10,3835.0,1024002.0,258775,258775,258776
WS_mm-20-10-1891798,Memetic-LS_MPX_1881515,20,10,2381.0,1024001.0,2447182,2447182,2447183
WS_mm-5-40-1762875,Memetic-LS_MMX_1881515,5,40,5999.0,1024001.0,767485,767485,767486
WS_mm-10-10-1917698,Memetic-LS_MPX_1881515,10,10,3236.0,1024001.0,1627188,1627188,1627189
WS_mm-20-25-1891798,Memetic_MMX_1287823,20,25,6459.0,512001.0,43702,43702,43701
WS_mm-15-40-1891798,Memetic_MMX_1881515,15,40,7506.0,512011.0,29239,29239,29238
WS_mm-5-40-1917698,Memetic-LS_MMX_1287823,5,40,6438.0,1024002.0,735072,735072,735073
WS_mm-5-40-1767920,Memetic-LS_MPX_1099666,5,40,6291.0,1024003.0,484346,484346,484347
WS_mm-15-25-1917698,Memetic_MPX_1881515,15,25,6014.0,1024007.0,112646,112646,112647
WS_mm-5-25-1891798,Memetic-LS_MMX_1881515,5,25,4590.0,1024001.0,1391450,1391450,1391451
WS_mm-15-10-1767920,Memetic-LS_MPX_1099666,15,10,2956.0,1024001.0,2697167,2697167,2697168
WS_mm-5-25-1762875,Memetic-LS_MPX_1287823,5,25,5330.0,1024001.0,1018310,1018310,1018311
WS_mm-15-25-1762875,Memetic-LS_MMX_1287823,15,25,5553.0,1024001.0,902130,902130,902131
WS_mm-25-10-1891798,Memetic_MPX_1881515,25,10,4524.0,1024003.0,192137,192137,192138
WS_mm-10-10-1762875,Memetic-LS_MMX_1099666,10,10,2771.0,1024001.0,3998529,3998529,3998530
WS_mm-15-10-1917698,Memetic_MPX_1287823,15,10,3834.0,1024003.0,272868,272868,272869
WS_mm-25-25-1767920,Memetic_MPX_1287823,25,25,5944.0,1024009.0,83105,83105,83106
WS_mm-25-10-1767920,Memetic_MPX_1287823,25,10,3951.0,1024003.0,192233,192233,192234
WS_mm-15-25-1917698,Memetic-LS_MPX_1099666,15,25,3653.0,1024001.0,1419423,1419423,1419424
WS_mm-20-10-1762875,Memetic_MMX_1099666,20,10,4476.0,1024007.0,177201,177201,177202
WS_mm-15-10-1762875,Memetic_MPX_1881515,15,10,3643.0,1024001.0,290778,290778,290779
WS_mm-25-25-1767920,Memetic_MMX_1099666,25,25,7264.0,1024022.0,68221,68221,68222
WS_mm-25-25-1762875,Memetic_MPX_1881515,25,25,5275.0,1024021.0,116314,116314,116315
WS_mm-25-10-1917698,Memetic-LS_MMX_1099666,25,10,3865.0,1024001.0,2099287,2099287,2099288
WS_mm-5-25-1767920,Memetic_MMX_1287823,5,25,5558.0,64002.0,10005,10005,10004
WS_mm-10-25-1110588,Memetic_MPX_1881515,10,25,5601.0,1024004.0,144125,144125,144126
WS_mm-20-10-1917698,Memetic_MPX_1287823,20,10,3667.0,1024003.0,261033,261033,261034
WS_mm-15-40-1917698,Memetic_MMX_1287823,15,40,8552.0,1024004.0,42548,42548,42549
WS_mm-5-25-1917698,Memetic_MMX_1099666,5,25,5193.0,512001.0,81796,81796,81795
WS_mm-10-10-1891798,Memetic_MPX_1881515,10,10,3387.0,1024001.0,388574,388574,388575
WS_mm-10-10-1110588,Memetic_MMX_1099666,10,10,3448.0,64003.0,21999,21999,21998
WS_mm-10-10-1110588,Memetic_MPX_1099666,10,10,3373.0,1024003.0,407431,407431,407432
WS_mm-25-25-1762875,Memetic_MMX_1287823,25,25,6418.0,1024001.0,79548,79548,79549
WS_mm-20-10-1110588,Memetic_MPX_1099666,20,10,3891.0,1024004.0,300014,300014,300015
WS_mm-25-10-1762875,Memetic-LS_MPX_1287823,25,10,2189.0,1024001.0,2133284,2133284,2133285
WS_mm-15-40-1110588,Memetic-LS_MPX_1287823,15,40,3769.0,1024001.0,848219,848219,848220
WS_mm-10-25-1917698,Memetic_MPX_1881515,10,25,5259.0,1024002.0,149204,149204,149205
WS_mm-20-10-1762875,Memetic_MPX_1099666,20,10,3964.0,1024001.0,242921,242921,242922
WS_mm-15-25-1110588,Memetic_MPX_1881515,15,25,6236.0,1024007.0,120404,120404,120405
WS_mm-10-40-1891798,Memetic-LS_MMX_1099666,10,40,6006.0,1024002.0,716264,716264,716265
WS_mm-10-40-1110588,Memetic_MPX_1881515,10,40,7172.0,1024008.0,72606,72606,72607
WS_mm-5-40-1110588,Memetic-LS_MMX_1287823,5,40,6267.0,1024001.0,790438,790438,790439
WS_mm-5-10-1110588,Memetic-LS_MMX_1099666,5,10,2616.0,1024001.0,4908295,4908295,4908296
WS_mm-10-10-1917698,Memetic_MMX_1287823,10,10,3583.0,1024001.0,344380,344380,344381
WS_mm-5-10-1891798,Memetic-LS_MMX_1287823,5,10,3030.0,1024001.0,4776631,4776631,4776632
WS_mm-20-25-1762875,Memetic_MPX_1881515,20,25,5615.0,1024003.0,103555,103555,103556
WS_mm-10-10-1110588,Memetic_MMX_1881515,10,10,3506.0,1024002.0,385234,385234,385235
WS_mm-15-10-1762875,Memetic-LS_MPX_1881515,15,10,2783.0,1024001.0,2561859,2561859,2561860
WS_mm-10-40-1762875,Memetic_MMX_1099666,10,40,7637.0,512014.0,41046,41046,41045
WS_mm-20-10-1110588,Memetic-LS_MMX_1881515,20,10,3705.0,1024001.0,2416653,2416653,2416654
WS_mm-5-10-1762875,Memetic-LS_MPX_1287823,5,10,2152.0,1024001.0,5680581,5680581,5680582
WS_mm-25-25-1110588,Memetic-LS_MPX_1099666,25,25,2424.0,1024001.0,1224127,1224127,1224128
WS_mm-15-40-1891798,Memetic_MMX_1287823,15,40,7588.0,1024014.0,68719,68719,68720
WS_mm-5-10-1110588,Memetic_MPX_1881515,5,10,2723.0,1024002.0,643411,643411,643412
WS_mm-25-10-1762875,Memetic_MPX_1881515,25,10,4339.0,1024002.0,197802,197802,197803
WS_mm-10-25-1767920,Memetic-LS_MMX_1099666,10,25,5271.0,1024001.0,1274401,1274401,1274402
WS_mm-15-40-1767920,Memetic_MPX_1287823,15,40,7254.0,1024017.0,53814,53814,53815
WS_mm-5-40-1767920,Memetic-LS_MPX_1287823,5,40,6127.0,1024001.0,678324,678324,678325
WS_mm-20-10-1917698,Memetic-LS_MMX_1287823,20,10,3807.0,1024001.0,2323499,2323499,2323500
WS_mm-10-10-1767920,Memetic-LS_MMX_1881515,10,10,3536.0,1024001.0,2705905,2705905,2705906
WS_mm-15-25-1762875,Memetic_MMX_1287823,15,25,6687.0,1024001.0,83835,83835,83836
WS_mm-20-10-1110588,Memetic_MMX_1099666,20,10,4247.0,1024001.0,222844,222844,222845
WS_mm-10-10-1110588,Memetic-LS_MMX_1099666,10,10,3218.0,1024001.0,3516603,3516603,3516604
WS_mm-10-25-1767920,Memetic_MPX_1287823,10,25,5901.0,1024004.0,120343,120343,120344
WS_mm-15-10-1891798,Memetic-LS_MMX_1099666,15,10,4350.0,1024001.0,2314834,2314834,2314835
WS_mm-10-40-1767920,Memetic_MPX_1099666,10,40,7105.0,1024002.0,69561,69561,69562
WS_mm-10-10-1767920,Memetic-LS_MPX_1881515,10,10,3348.0,1024001.0,1855494,1855494,1855495
WS_mm-20-25-1891798,Memetic_MPX_1881515,20,25,5628.0,1024003.0,120026,120026,120027
WS_mm-10-40-1891798,Memetic-LS_MPX_1099666,10,40,5347.0,1024007.0,698300,698300,698301
WS_mm-10-40-1762875,Memetic-LS_MPX_1881515,10,40,5717.0,1024001.0,680824,680824,680825
WS_mm-10-40-1110588,Memetic-LS_MMX_1287823,10,40,5947.0,1024002.0,700584,700584,700585
WS_mm-5-40-1891798,Memetic-LS_MPX_1881515,5,40,6348.0,1024001.0,636355,636355,636356
WS_mm-5-10-1110588,Memetic_MMX_1099666,5,10,2723.0,1024001.0,582725,582725,582726
WS_mm-20-10-1762875,Memetic-LS_MPX_1881515,20,10,2376.0,1024001.0,2406489,2406489,2406490
WS_mm-25-10-1891798,Memetic_MMX_1881515,25,10,5364.0,128006.0,18509,18509,18508
WS_mm-5-25-1110588,Memetic_MPX_1099666,5,25,5481.0,1024002.0,189593,189593,189594
WS_mm-20-25-1110588,Memetic_MMX_1287823,20,25,6427.0,1024016.0,82315,82315,82316
WS_mm-5-25-1767920,Memetic_MMX_1881515,5,25,5563.0,64001.0,8897,8897,8896
WS_mm-15-25-1110588,Memetic_MMX_1099666,15,25,6897.0,1024005.0,102139,102139,102140
WS_mm-10-40-1891798,Memetic-LS_MPX_1881515,10,40,5866.0,1024004.0,743843,743843,743844
WS_mm-5-10-1762875,Memetic_MMX_1881515,5,10,2252.0,256000.0,218543,218543,218542
WS_mm-20-25-1767920,Memetic_MMX_1287823,20,25,7186.0,1024009.0,63128,63128,63129
WS_mm-10-10-1767920,Memetic_MPX_1287823,10,10,3735.0,1024003.0,321136,321136,321137
WS_mm-10-10-1110588,Memetic-LS_MPX_1287823,10,10,3236.0,1024001.0,2684970,2684970,2684971
WS_mm-5-40-1762875,Memetic_MPX_1287823,5,40,6702.0,1024017.0,72829,72829,72830
WS_mm-25-25-1110588,Memetic_MMX_1099666,25,25,7289.0,1024013.0,64543,64543,64544
WS_mm-10-25-1917698,Memetic-LS_MPX_1099666,10,25,4120.0,1024002.0,1184184,1184184,1184185
WS_mm-10-10-1767920,Memetic-LS_MMX_1099666,10,10,3810.0,1024001.0,3014714,3014714,3014715
WS_mm-15-25-1917698,Memetic_MPX_1287823,15,25,5694.0,1024005.0,117597,117597,117598
WS_mm-25-25-1917698,Memetic-LS_MPX_1881515,25,25,2355.0,1024001.0,1222489,1222489,1222490
WS_mm-10-10-1110588,Memetic_MPX_1287823,10,10,3398.0,1024001.0,431739,431739,431740
WS_mm-5-10-1767920,Memetic_MPX_1099666,5,10,3031.0,1024001.0,613620,613620,613621
WS_mm-10-10-1917698,Memetic-LS_MMX_1287823,10,10,3375.0,1024001.0,3122105,3122105,3122106
WS_mm-10-25-1762875,Memetic-LS_MPX_1881515,10,25,4936.0,1024001.0,1019339,1019339,1019340
WS_mm-10-40-1762875,Memetic-LS_MMX_1099666,10,40,5947.0,1024003.0,696935,696935,696936
WS_mm-5-40-1762875,Memetic_MPX_1881515,5,40,6819.0,1024015.0,86607,86607,86608
WS_mm-10-40-1917698,Memetic_MMX_1287823,10,40,7860.0,1024002.0,63670,63670,63671
WS_mm-20-10-1891798,Memetic_MMX_1287823,20,10,4960.0,512003.0,76917,76917,76916
WS_mm-20-10-1917698,Memetic-LS_MPX_1099666,20,10,2341.0,1024001.0,2379104,2379104,2379105
WS_mm-5-40-1110588,Memetic_MPX_1881515,5,40,7064.0,1024009.0,61478,61478,61479
WS_mm-15-40-1917698,Memetic_MPX_1287823,15,40,7577.0,1024008.0,67192,67192,67193
WS_mm-10-40-1110588,Memetic-LS_MPX_1099666,10,40,5497.0,1024001.0,654261,654261,654262
WS_mm-25-10-1110588,Memetic_MMX_1881515,25,10,5100.0,1024003.0,150579,150579,150580
WS_mm-5-10-1891798,Memetic_MMX_1287823,5,10,3198.0,32000.0,17193,17193,17192
WS_mm-20-25-1917698,Memetic-LS_MMX_1881515,20,25,5438.0,1024003.0,945124,945124,945125
WS_mm-20-10-1891798,Memetic_MPX_1287823,20,10,4523.0,1024004.0,206998,206998,206999
WS_mm-10-10-1891798,Memetic-LS_MMX_1287823,10,10,3292.0,1024001.0,3208342,3208342,3208343
WS_mm-5-25-1917698,Memetic-LS_MMX_1881515,5,25,4952.0,1024001.0,1325705,1325705,1325706
WS_mm-5-10-1891798,Memetic_MMX_1099666,5,10,3198.0,1024001.0,638407,638407,638408
WS_mm-15-40-1110588,Memetic_MPX_1881515,15,40,7486.0,1024001.0,62909,62909,62910
WS_mm-20-25-1110588,Memetic-LS_MPX_1099666,20,25,2939.0,1024001.0,1339103,1339103,1339104
WS_mm-10-10-1917698,Memetic_MPX_1099666,10,10,3455.0,1024001.0,380126,380126,380127
WS_mm-5-40-1767920,Memetic_MMX_1881515,5,40,7573.0,1024008.0,89765,89765,89766
WS_mm-25-25-1891798,Memetic_MPX_1881515,25,25,5760.0,1024005.0,95080,95080,95081
WS_mm-5-40-1767920,Memetic-LS_MMX_1881515,5,40,6759.0,1024006.0,723249,723249,723250
WS_mm-25-10-1110588,Memetic-LS_MPX_1881515,25,10,2223.0,1024001.0,2196978,2196978,2196979
WS_mm-5-10-1891798,Memetic-LS_MPX_1881515,5,10,3119.0,1024001.0,3261912,3261912,3261913
WS_mm-15-25-1917698,Memetic_MPX_1099666,15,25,5626.0,1024003.0,111693,111693,111694
WS_mm-5-25-1110588,Memetic_MMX_1881515,5,25,5597.0,1024003.0,228057,228057,228058
WS_mm-10-40-1917698,Memetic-LS_MMX_1881515,10,40,6145.0,1024009.0,642759,642759,642760
WS_mm-25-10-1767920,Memetic_MPX_1099666,25,10,3923.0,1024001.0,190712,190712,190713
WS_mm-20-25-1110588,Memetic-LS_MMX_1099666,20,25,5287.0,1024002.0,806112,806112,806113
WS_mm-20-10-1762875,Memetic_MPX_1881515,20,10,4099.0,1024002.0,241505,241505,241506
WS_mm-15-10-1110588,Memetic-LS_MPX_1287823,15,10,2813.0,1024001.0,2841861,2841861,2841862
WS_mm-5-40-1891798,Memetic_MPX_1881515,5,40,7982.0,1024004.0,78728,78728,78729
WS_mm-15-10-1110588,Memetic-LS_MPX_1099666,15,10,2733.0,1024001.0,2863326,2863326,2863327
WS_mm-15-25-1767920,Memetic_MPX_1881515,15,25,5459.0,1024012.0,110313,110313,110314
WS_mm-15-25-1767920,Memetic-LS_MMX_1099666,15,25,5011.0,1024001.0,1125768,1125768,1125769
WS_mm-5-10-1917698,Memetic-LS_MPX_1287823,5,10,2912.0,1024001.0,3144003,3144003,3144004
WS_mm-25-25-1891798,Memetic-LS_MPX_1881515,25,25,2059.0,1024001.0,1217168,1217168,1217169
WS_mm-10-25-1110588,Memetic_MPX_1287823,10,25,5750.0,1024006.0,147708,147708,147709
WS_mm-20-25-1110588,Memetic_MMX_1099666,20,25,6405.0,1024002.0,98007,98007,98008
WS_mm-5-40-1891798,Memetic_MMX_1099666,5,40,7981.0,1024004.0,97399,97399,97400
WS_mm-10-25-1891798,Memetic_MMX_1881515,10,25,6468.0,1024006.0,114574,114574,114575
WS_mm-15-40-1891798,Memetic-LS_MPX_1099666,15,40,4027.0,1024002.0,760712,760712,760713
WS_mm-5-10-1917698,Memetic-LS_MMX_1287823,5,10,3106.0,1024001.0,3426077,3426077,3426078
WS_mm-5-10-1767920,Memetic-LS_MMX_1881515,5,10,2923.0,1024001.0,4628528,4628528,4628529
WS_mm-20-25-1917698,Memetic-LS_MPX_1881515,20,25,2864.0,1024001.0,1298781,1298781,1298782
WS_mm-5-10-1110588,Memetic-LS_MPX_1099666,5,10,2613.0,1024001.0,4011707,4011707,4011708
WS_mm-5-10-1110588,Memetic-LS_MMX_1881515,5,10,2647.0,1024001.0,4741203,4741203,4741204
WS_mm-15-40-1917698,Memetic-LS_MMX_1099666,15,40,7581.0,1024005.0,612467,612467,612468
WS_mm-5-25-1917698,Memetic-LS_MPX_1287823,5,25,4564.0,1024002.0,1048023,1048023,1048024
WS_mm-5-10-1891798,Memetic_MPX_1287823,5,10,3194.0,1024002.0,494962,494962,494963
WS_mm-5-10-1767920,Memetic-LS_MMX_1099666,5,10,2797.0,1024001.0,4685710,4685710,4685711
WS_mm-10-10-1762875,Memetic-LS_MPX_1881515,10,10,2532.0,1024001.0,2633559,2633559,2633560
WS_mm-10-25-1767920,Memetic-LS_MPX_1881515,10,25,5302.0,1024001.0,1195105,1195105,1195106
WS_mm-20-25-1110588,Memetic-LS_MPX_1881515,20,25,2923.0,1024004.0,1352653,1352653,1352654
WS_mm-25-10-1767920,Memetic_MMX_1287823,25,10,4480.0,1024003.0,142117,142117,142118
WS_mm-10-10-1891798,Memetic-LS_MPX_1287823,10,10,3180.0,1024001.0,2219920,2219920,2219921
WS_mm-25-10-1917698,Memetic_MMX_1287823,25,10,4914.0,1024004.0,131986,131986,131987
WS_mm-15-25-1110588,Memetic_MMX_1287823,15,25,6995.0,1024001.0,77192,77192,77193
WS_mm-10-25-1762875,Memetic-LS_MMX_1881515,10,25,5361.0,1024002.0,1076558,1076558,1076559
WS_mm-5-40-1110588,Memetic_MPX_1287823,5,40,7240.0,1024001.0,62998,62998,62999
WS_mm-25-10-1891798,Memetic-LS_MPX_1099666,25,10,2195.0,1024001.0,2122969,2122969,2122970
WS_mm-5-10-1891798,Memetic_MMX_1881515,5,10,3198.0,1024002.0,584599,584599,584600
WS_mm-10-10-1110588,Memetic-LS_MPX_1881515,10,10,3196.0,1024001.0,2571373,2571373,2571374
WS_mm-15-10-1767920,Memetic_MMX_1881515,15,10,4568.0,1024001.0,207336,207336,207337
WS_mm-15-40-1891798,Memetic-LS_MMX_1881515,15,40,5292.0,1024001.0,630829,630829,630830
WS_mm-10-25-1762875,Memetic-LS_MMX_1099666,10,25,5155.0,1024003.0,1175966,1175966,1175967
WS_mm-25-10-1891798,Memetic_MMX_1287823,25,10,5349.0,1024014.0,139839,139839,139840
WS_mm-15-25-1767920,Memetic_MMX_1099666,15,25,6133.0,1024008.0,93895,93895,93896
WS_mm-10-10-1767920,Memetic_MMX_1099666,10,10,3933.0,1024003.0,299580,299580,299581
WS_mm-15-25-1891798,Memetic_MMX_1099666,15,25,6029.0,1024007.0,90322,90322,90323
WS_mm-20-25-1891798,Memetic-LS_MMX_1099666,20,25,5293.0,1024001.0,1228377,1228377,1228378
WS_mm-15-25-1891798,Memetic-LS_MPX_1287823,15,25,3840.0,1024001.0,1326072,1326072,1326073
WS_mm-10-25-1762875,Memetic_MPX_1287823,10,25,5400.0,1024001.0,148404,148404,148405
WS_mm-15-40-1110588,Memetic-LS_MPX_1881515,15,40,3031.0,1024001.0,881989,881989,881990
WS_mm-5-10-1891798,Memetic_MPX_1099666,5,10,3198.0,1024001.0,711805,711805,711806
WS_mm-5-25-1767920,Memetic-LS_MPX_1099666,5,25,5236.0,1024001.0,1101520,1101520,1101521
WS_mm-5-25-1917698,Memetic_MPX_1881515,5,25,5159.0,1024006.0,169530,169530,169531
WS_mm-15-40-1110588,Memetic-LS_MMX_1099666,15,40,6254.0,1024001.0,681429,681429,681430
WS_mm-10-40-1762875,Memetic_MPX_1099666,10,40,7414.0,1024005.0,78774,78774,78775
WS_mm-20-10-1110588,Memetic-LS_MPX_1099666,20,10,2286.0,1024001.0,2485413,2485413,2485414
WS_mm-10-40-1767920,Memetic-LS_MMX_1881515,10,40,6041.0,1024001.0,650549,650549,650550
WS_mm-5-25-1767920,Memetic_MPX_1287823,5,25,5527.0,1024007.0,154229,154229,154230
WS_mm-15-10-1110588,Memetic-LS_MMX_1099666,15,10,3901.0,1024002.0,2646576,2646576,2646577
WS_mm-10-10-1917698,Memetic-LS_MPX_1287823,10,10,2838.0,1024001.0,2634883,2634883,2634884
WS_mm-25-10-1110588,Memetic-LS_MMX_1881515,25,10,4200.0,1024001.0,2051634,2051634,2051635
WS_mm-10-25-1891798,Memetic_MPX_1099666,10,25,6219.0,1024018.0,128309,128309,128310
WS_mm-5-10-1762875,Memetic-LS_MPX_1881515,5,10,2172.0,1024001.0,4344131,4344131,4344132
WS_mm-15-40-1762875,Memetic-LS_MMX_1099666,15,40,5714.0,1024004.0,658104,658104,658105
WS_mm-10-40-1110588,Memetic_MMX_1099666,10,40,7397.0,256020.0,16189,16189,16188
WS_mm-15-25-1767920,Memetic_MMX_1287823,15,25,6036.0,1024001.0,92722,92722,92723
WS_mm-15-25-1891798,Memetic_MPX_1287823,15,25,5494.0,1024005.0,129775,129775,129776
WS_mm-5-40-1762875,Memetic_MMX_1881515,5,40,6914.0,512000.0,56802,56802,56801
WS_mm-5-25-1767920,Memetic-LS_MPX_1881515,5,25,4885.0,1024001.0,872032,872032,872033
WS_mm-25-25-1917698,Memetic-LS_MMX_1881515,25,25,5074.0,1024001.0,1168415,1168415,1168416
WS_mm-10-10-1762875,Memetic-LS_MPX_1099666,10,10,2595.0,1024001.0,3148144,3148144,3148145
WS_mm-10-10-1762875,Memetic_MPX_1099666,10,10,2866.0,1024001.0,635877,635877,635878
WS_mm-10-25-1917698,Memetic-LS_MMX_1287823,10,25,4788.0,1024003.0,999038,999038,999039
WS_mm-10-40-1762875,Memetic-LS_MMX_1881515,10,40,6062.0,1024001.0,689447,689447,689448
WS_mm-25-10-1762875,Memetic-LS_MMX_1099666,25,10,4070.0,1024001.0,2087194,2087194,2087195
WS_mm-15-10-1767920,Memetic_MMX_1287823,15,10,4583.0,1024002.0,195047,195047,195048
WS_mm-15-40-1110588,Memetic_MMX_1881515,15,40,8489.0,1024019.0,56413,56413,56414
WS_mm-5-25-1767920,Memetic_MPX_1099666,5,25,5490.0,1024007.0,168054,168054,168055
WS_mm-10-25-1110588,Memetic-LS_MPX_1099666,10,25,4831.0,1024001.0,975359,975359,975360
WS_mm-25-25-1762875,Memetic_MPX_1099666,25,25,5360.0,1024005.0,116793,116793,116794
WS_mm-20-10-1891798,Memetic_MMX_1099666,20,10,5016.0,1024005.0,160741,160741,160742
WS_mm-5-10-1767920,Memetic-LS_MPX_1287823,5,10,2954.0,1024001.0,4569432,4569432,4569433
WS_mm-25-10-1891798,Memetic_MPX_1099666,25,10,4726.0,1024007.0,195679,195679,195680
WS_mm-20-10-1767920,Memetic-LS_MMX_1881515,20,10,4211.0,1024001.0,2056278,2056278,2056279
WS_mm-5-25-1110588,Memetic_MMX_1287823,5,25,5520.0,512008.0,79581,79581,79580
WS_mm-15-25-1767920,Memetic_MPX_1287823,15,25,5653.0,1024008.0,110058,110058,110059
WS_mm-20-10-1762875,Memetic-LS_MPX_1099666,20,10,2357.0,1024001.0,2440565,2440565,2440566
WS_mm-10-25-1767920,Memetic_MPX_1881515,10,25,6224.0,1024001.0,125421,125421,125422
WS_mm-20-25-1917698,Memetic-LS_MPX_1099666,20,25,2633.0,1024003.0,1318918,1318918,1318919
WS_mm-20-25-1767920,Memetic_MPX_1287823,20,25,6522.0,1024004.0,87048,87048,87049
WS_mm-10-25-1891798,Memetic_MMX_1099666,10,25,6437.0,256017.0,28642,28642,28641
WS_mm-10-40-1767920,Memetic_MMX_1287823,10,40,7748.0,1024015.0,50536,50536,50537
WS_mm-10-40-1767920,Memetic_MPX_1881515,10,40,7332.0,1024005.0,69295,69295,69296
WS_mm-10-40-1891798,Memetic_MMX_1881515,10,40,7548.0,1024012.0,84804,84804,84805
WS_mm-15-40-1762875,Memetic_MMX_1881515,15,40,7240.0,64002.0,3646,3646,3645
WS_mm-15-25-1762875,Memetic_MPX_1881515,15,25,6145.0,1024009.0,114379,114379,114380
WS_mm-25-10-1767920,Memetic-LS_MPX_1099666,25,10,2086.0,1024001.0,2093095,2093095,2093096
WS_mm-25-10-1762875,Memetic-LS_MMX_1881515,25,10,4300.0,1024001.0,1859604,1859604,1859605
WS_mm-15-40-1767920,Memetic_MMX_1099666,15,40,8229.0,1024004.0,42836,42836,42837
WS_mm-20-10-1891798,Memetic_MPX_1881515,20,10,4420.0,1024003.0,216656,216656,216657
WS_mm-20-25-1110588,Memetic_MPX_1287823,20,25,5515.0,1024008.0,110347,110347,110348
WS_mm-20-25-1891798,Memetic_MPX_1287823,20,25,5803.0,1024002.0,113565,113565,113566
WS_mm-25-10-1767920,Memetic_MMX_1099666,25,10,4438.0,1024003.0,129897,129897,129898
WS_mm-5-10-1762875,Memetic-LS_MMX_1287823,5,10,2228.0,1024001.0,6291944,6291944,6291945
WS_mm-10-40-1891798,Memetic_MMX_1287823,10,40,7707.0,512013.0,35531,35531,35530
WS_mm-20-10-1110588,Memetic-LS_MPX_1881515,20,10,2175.0,1024001.0,2486999,2486999,2487000
WS_mm-15-25-1891798,Memetic-LS_MMX_1881515,15,25,5347.0,1024001.0,1115465,1115465,1115466
WS_mm-5-40-1762875,Memetic_MMX_1099666,5,40,6997.0,1024002.0,113618,113618,113619
WS_mm-25-25-1917698,Memetic-LS_MMX_1287823,25,25,5339.0,1024003.0,731533,731533,731534
WS_mm-5-25-1762875,Memetic-LS_MPX_1881515,5,25,5017.0,1024001.0,1166672,1166672,1166673
WS_mm-15-25-1917698,Memetic-LS_MMX_1099666,15,25,5194.0,1024001.0,1118071,1118071,1118072
WS_mm-20-25-1762875,Memetic_MMX_1881515,20,25,6542.0,1024006.0,74013,74013,74014
WS_mm-15-40-1762875,Memetic_MPX_1099666,15,40,6755.0,1024007.0,71836,71836,71837
WS_mm-15-10-1762875,Memetic-LS_MMX_1099666,15,10,3649.0,1024001.0,2827250,2827250,2827251
WS_mm-15-10-1917698,Memetic-LS_MPX_1287823,15,10,3157.0,1024001.0,2587176,2587176,2587177
WS_mm-15-25-1762875,Memetic-LS_MMX_1099666,15,25,5986.0,1024001.0,1015457,1015457,1015458
WS_mm-20-25-1762875,Memetic-LS_MPX_1287823,20,25,2732.0,1024001.0,1332351,1332351,1332352
WS_mm-15-10-1917698,Memetic-LS_MPX_1881515,15,10,3147.0,1024001.0,2536199,2536199,2536200
WS_mm-5-40-1917698,Memetic_MMX_1099666,5,40,7623.0,1024001.0,60475,60475,60476
WS_mm-10-10-1891798,Memetic_MMX_1881515,10,10,3484.0,256000.0,93488,93488,93487
WS_mm-15-40-1767920,Memetic-LS_MPX_1881515,15,40,4639.0,1024001.0,795184,795184,795185
WS_mm-5-10-1917698,Memetic_MPX_1287823,5,10,3159.0,1024002.0,556465,556465,556466
WS_mm-20-10-1767920,Memetic-LS_MPX_1881515,20,10,2222.0,1024002.0,2498397,2498397,2498398
WS_mm-15-25-1767920,Memetic-LS_MPX_1881515,15,25,3686.0,1024001.0,1345904,1345904,1345905
WS_mm-15-10-1891798,Memetic_MMX_1881515,15,10,4509.0,1024003.0,170413,170413,170414
WS_mm-5-25-1917698,Memetic_MPX_1099666,5,25,5216.0,1024001.0,192860,192860,192861
WS_mm-20-25-1110588,Memetic-LS_MMX_1287823,20,25,5172.0,1024001.0,1221113,1221113,1221114
WS_mm-20-10-1917698,Memetic-LS_MPX_1881515,20,10,2351.0,1024001.0,2417928,2417928,2417929
WS_mm-15-10-1917698,Memetic_MMX_1881515,15,10,4107.0,1024004.0,209571,209571,209572
WS_mm-15-40-1762875,Memetic_MMX_1099666,15,40,7580.0,1024005.0,58658,58658,58659
WS_mm-25-10-1891798,Memetic-LS_MPX_1881515,25,10,2512.0,1024001.0,2094574,2094574,2094575
WS_mm-15-10-1110588,Memetic_MPX_1881515,15,10,4092.0,1024003.0,341223,341223,341224
WS_mm-20-10-1917698,Memetic_MMX_1881515,20,10,4188.0,1024002.0,219305,219305,219306
WS_mm-5-10-1917698,Memetic_MPX_1881515,5,10,3149.0,1024001.0,652735,652735,652736
WS_mm-25-25-1917698,Memetic-LS_MMX_1099666,25,25,5305.0,1024002.0,1066402,1066402,1066403
WS_mm-25-10-1762875,Memetic_MMX_1881515,25,10,5087.0,1024001.0,140183,140183,140184
WS_mm-10-25-1110588,Memetic_MMX_1287823,10,25,5937.0,1024007.0,123172,123172,123173
WS_mm-5-25-1891798,Memetic-LS_MMX_1287823,5,25,4867.0,1024001.0,1682670,1682670,1682671
WS_mm-10-25-1917698,Memetic-LS_MPX_1881515,10,25,3995.0,1024003.0,1276448,1276448,1276449
WS_mm-5-10-1767920,Memetic-LS_MPX_1099666,5,10,2868.0,1024001.0,3041438,3041438,3041439
WS_mm-15-25-1917698,Memetic-LS_MMX_1287823,15,25,4689.0,1024001.0,1457863,1457863,1457864
WS_mm-5-25-1891798,Memetic_MPX_1881515,5,25,5229.0,1024004.0,216508,216508,216509
WS_mm-20-25-1110588,Memetic_MPX_1099666,20,25,5476.0,1024004.0,107797,107797,107798
WS_mm-15-40-1762875,Memetic_MPX_1287823,15,40,6716.0,1024005.0,74787,74787,74788
WS_mm-15-10-1891798,Memetic_MPX_1287823,15,10,4121.0,1024002.0,248967,248967,248968
WS_mm-25-10-1891798,Memetic-LS_MPX_1287823,25,10,2523.0,1024002.0,2105176,2105176,2105177
WS_mm-25-25-1891798,Memetic_MPX_1099666,25,25,5704.0,1024001.0,95262,95262,95263
WS_mm-15-25-1110588,Memetic-LS_MMX_1881515,15,25,5819.0,1024001.0,892878,892878,892879
WS_mm-10-10-1767920,Memetic-LS_MMX_1287823,10,10,3797.0,1024001.0,2552506,2552506,2552507
WS_mm-10-10-1767920,Memetic_MPX_1099666,10,10,3811.0,1024002.0,310239,310239,310240
WS_mm-5-10-1762875,Memetic_MMX_1099666,5,10,2270.0,256000.0,215194,215194,215193
WS_mm-5-40-1917698,Memetic-LS_MPX_1099666,5,40,6652.0,1024001.0,570683,570683,570684
WS_mm-10-40-1891798,Memetic_MPX_1881515,10,40,6930.0,1024009.0,74088,74088,74089
WS_mm-15-10-1762875,Memetic-LS_MPX_1099666,15,10,2784.0,1024001.0,2680193,2680193,2680194
WS_mm-20-10-1762875,Memetic_MMX_1881515,20,10,4468.0,1024004.0,183184,183184,183185
WS_mm-5-25-1891798,Memetic-LS_MPX_1287823,5,25,4593.0,1024001.0,1380337,1380337,1380338
WS_mm-10-40-1917698,Memetic-LS_MPX_1099666,10,40,5173.0,1024001.0,786551,786551,786552
WS_mm-25-10-1917698,Memetic_MMX_1099666,25,10,4930.0,1024005.0,122982,122982,122983
WS_mm-25-10-1767920,Memetic-LS_MPX_1287823,25,10,2217.0,1024001.0,2156573,2156573,2156574
WS_mm-10-25-1917698,Memetic_MPX_1287823,10,25,5056.0,1024002.0,164029,164029,164030
WS_mm-15-10-1891798,Memetic-LS_MMX_1881515,15,10,4257.0,1024001.0,2190195,2190195,2190196
WS_mm-25-25-1891798,Memetic_MMX_1099666,25,25,6828.0,1024002.0,69020,69020,69021
WS_mm-5-25-1762875,Memetic-LS_MMX_1287823,5,25,5175.0,1024002.0,1150459,1150459,1150460
WS_mm-15-40-1767920,Memetic-LS_MPX_1099666,15,40,4458.0,1024001.0,789096,789096,789097
WS_mm-15-40-1917698,Memetic-LS_MPX_1099666,15,40,3871.0,1024001.0,814251,814251,814252
WS_mm-15-25-1891798,Memetic_MPX_1099666,15,25,5532.0,1024001.0,123973,123973,123974
WS_mm-5-25-1110588,Memetic-LS_MPX_1881515,5,25,4975.0,1024001.0,1077354,1077354,1077355
WS_mm-5-40-1767920,Memetic-LS_MMX_1287823,5,40,6253.0,1024002.0,667487,667487,667488
WS_mm-25-25-1917698,Memetic-LS_MPX_1287823,25,25,2222.0,1024001.0,1230881,1230881,1230882
WS_mm-10-10-1110588,Memetic-LS_MMX_1287823,10,10,3288.0,1024001.0,2650975,2650975,2650976
WS_mm-10-40-1762875,Memetic-LS_MPX_1287823,10,40,5311.0,1024002.0,629613,629613,629614
WS_mm-10-40-1891798,Memetic_MPX_1099666,10,40,6933.0,1024010.0,69625,69625,69626
WS_mm-15-40-1767920,Memetic-LS_MMX_1881515,15,40,6508.0,1024002.0,693873,693873,693874
WS_mm-25-10-1762875,Memetic_MPX_1099666,25,10,4703.0,1024005.0,189750,189750,189751
WS_mm-15-10-1917698,Memetic-LS_MMX_1287823,15,10,3707.0,1024001.0,2661957,2661957,2661958
WS_mm-15-25-1762875,Memetic-LS_MPX_1099666,15,25,3840.0,1024001.0,1353307,1353307,1353308
WS_mm-15-40-1762875,Memetic-LS_MPX_1881515,15,40,4045.0,1024001.0,819579,819579,819580
WS_mm-20-10-1767920,Memetic_MMX_1287823,20,10,4646.0,1024007.0,167828,167828,167829
WS_mm-10-40-1891798,Memetic-LS_MMX_1287823,10,40,6067.0,1024001.0,798629,798629,798630
WS_mm-15-40-1917698,Memetic-LS_MMX_1287823,15,40,6570.0,1024001.0,634721,634721,634722
WS_mm-5-40-1891798,Memetic_MMX_1881515,5,40,8044.0,1024008.0,67104,67104,67105
WS_mm-15-25-1110588,Memetic-LS_MPX_1099666,15,25,3877.0,1024003.0,1548582,1548582,1548583
WS_mm-15-40-1917698,Memetic_MMX_1099666,15,40,8823.0,1024016.0,43494,43494,43495
WS_mm-20-25-1917698,Memetic_MPX_1881515,20,25,5702.0,1024007.0,116339,116339,116340
WS_mm-15-10-1762875,Memetic_MPX_1099666,15,10,3616.0,1024003.0,284012,284012,284013
WS_mm-10-40-1762875,Memetic_MPX_1881515,10,40,7373.0,1024001.0,84112,84112,84113
WS_mm-20-25-1767920,Memetic-LS_MPX_1099666,20,25,2951.0,1024001.0,1280741,1280741,1280742
WS_mm-5-25-1917698,Memetic-LS_MMX_1099666,5,25,4850.0,1024001.0,1332515,1332515,1332516
WS_mm-5-10-1917698,Memetic_MMX_1287823,5,10,3143.0,128002.0,60786,60786,60785
WS_mm-15-10-1110588,Memetic_MMX_1881515,15,10,4338.0,512001.0,121499,121499,121498
WS_mm-25-10-1110588,Memetic-LS_MMX_1099666,25,10,4297.0,1024001.0,2102984,2102984,2102985
WS_mm-15-25-1762875,Memetic-LS_MPX_1881515,15,25,3381.0,1024003.0,1424927,1424927,1424928
WS_mm-5-10-1917698,Memetic-LS_MPX_1881515,5,10,3034.0,1024001.0,3976045,3976045,3976046
WS_mm-20-25-1110588,Memetic_MPX_1881515,20,25,5692.0,1024008.0,108548,108548,108549
WS_mm-15-25-1767920,Memetic_MMX_1881515,15,25,6024.0,1024011.0,93207,93207,93208
WS_mm-25-25-1110588,Memetic-LS_MPX_1287823,25,25,2572.0,1024001.0,1230620,1230620,1230621
WS_mm-20-10-1767920,Memetic_MPX_1881515,20,10,4169.0,1024003.0,245603,245603,245604
WS_mm-15-10-1110588,Memetic-LS_MMX_1287823,15,10,3907.0,1024001.0,2323959,2323959,2323960
WS_mm-10-25-1762875,Memetic-LS_MPX_1287823,10,25,4551.0,1024002.0,894379,894379,894380
WS_mm-25-10-1767920,Memetic-LS_MMX_1287823,25,10,3761.0,1024002.0,1784356,1784356,1784357
WS_mm-20-25-1762875,Memetic_MMX_1099666,20,25,6280.0,64006.0,4582,4582,4581
WS_mm-5-40-1917698,Memetic_MMX_1287823,5,40,7626.0,1024005.0,69367,69367,69368
WS_mm-20-25-1891798,Memetic_MPX_1099666,20,25,5464.0,1024022.0,108495,108495,108496
WS_mm-25-25-1767920,Memetic-LS_MMX_1099666,25,25,5525.0,1024001.0,1124518,1124518,1124519
WS_mm-5-40-1917698,Memetic_MPX_1881515,5,40,7396.0,1024021.0,57079,57079,57080
WS_mm-15-25-1762875,Memetic-LS_MMX_1881515,15,25,5495.0,1024001.0,1137718,1137718,1137719
WS_mm-20-10-1917698,Memetic-LS_MMX_1881515,20,10,3696.0,1024001.0,2086552,2086552,2086553
WS_mm-20-25-1891798,Memetic-LS_MPX_1287823,20,25,2966.0,1024001.0,1304774,1304774,1304775
WS_mm-10-25-1891798,Memetic_MPX_1287823,10,25,6313.0,1024010.0,132830,132830,132831
WS_mm-15-25-1917698,Memetic-LS_MPX_1287823,15,25,3366.0,1024001.0,1484226,1484226,1484227
WS_mm-10-10-1762875,Memetic_MMX_1099666,10,10,2927.0,1024003.0,383540,383540,383541
WS_mm-5-25-1767920,Memetic_MPX_1881515,5,25,5625.0,1024006.0,179197,179197,179198
WS_mm-15-10-1891798,Memetic-LS_MPX_1287823,15,10,3046.0,1024001.0,2266322,2266322,2266323
WS_mm-5-10-1767920,Memetic_MMX_1287823,5,10,3023.0,512000.0,331714,331714,331713
WS_mm-10-40-1762875,Memetic_MMX_1287823,10,40,7797.0,1024012.0,59669,59669,59670
WS_mm-25-25-1110588,Memetic_MPX_1881515,25,25,6114.0,1024005.0,97816,97816,97817
WS_mm-10-25-1767920,Memetic_MMX_1287823,10,25,6348.0,1024002.0,123396,123396,123397
WS_mm-25-25-1110588,Memetic-LS_MMX_1881515,25,25,5787.0,1024001.0,1071715,1071715,1071716
WS_mm-25-25-1767920,Memetic-LS_MPX_1287823,25,25,2500.0,1024001.0,1207508,1207508,1207509
WS_mm-25-10-1762875,Memetic-LS_MMX_1287823,25,10,3969.0,1024001.0,2020727,2020727,2020728
WS_mm-15-25-1917698,Memetic_MMX_1881515,15,25,6361.0,1024004.0,79010,79010,79011
WS_mm-10-25-1917698,Memetic-LS_MPX_1287823,10,25,4481.0,1024001.0,1048546,1048546,1048547
WS_mm-25-10-1110588,Memetic_MPX_1287823,25,10,4479.0,1024001.0,206366,206366,206367
WS_mm-5-10-1762875,Memetic_MPX_1099666,5,10,2270.0,1024001.0,1021903,1021903,1021904
WS_mm-10-40-1110588,Memetic-LS_MMX_1099666,10,40,6088.0,1024004.0,757599,757599,757600
WS_mm-10-10-1917698,Memetic-LS_MMX_1099666,10,10,3394.0,1024001.0,3178010,3178010,3178011
WS_mm-5-40-1767920,Memetic_MPX_1287823,5,40,7362.0,1024022.0,75855,75855,75856
WS_mm-5-40-1110588,Memetic_MMX_1287823,5,40,7455.0,512008.0,48815,48815,48814
WS_mm-10-25-1767920,Memetic-LS_MMX_1881515,10,25,5174.0,1024001.0,1158592,1158592,1158593
WS_mm-25-25-1891798,Memetic_MPX_1287823,25,25,5694.0,1024004.0,93590,93590,93591
WS_mm-15-10-1110588,Memetic-LS_MPX_1881515,15,10,3004.0,1024001.0,2733942,2733942,2733943
WS_mm-10-10-1762875,Memetic-LS_MPX_1287823,10,10,2764.0,1024001.0,2794278,2794278,2794279
WS_mm-5-40-1110588,Memetic-LS_MPX_1881515,5,40,6068.0,1024002.0,703296,703296,703297
WS_mm-10-40-1767920,Memetic-LS_MPX_1099666,10,40,5403.0,1024001.0,648751,648751,648752
WS_mm-25-10-1891798,Memetic-LS_MMX_1287823,25,10,4318.0,1024001.0,1940058,1940058,1940059
WS_mm-20-25-1767920,Memetic_MMX_1099666,20,25,7250.0,1024008.0,63815,63815,63816
WS_mm-5-40-1767920,Memetic-LS_MMX_1099666,5,40,6369.0,1024001.0,810712,810712,810713
WS_mm-15-25-1762875,Memetic_MMX_1099666,15,25,6703.0,1024007.0,84512,84512,84513
WS_mm-15-40-1110588,Memetic_MMX_1099666,15,40,8080.0,128050.0,5841,5841,5840
WS_mm-20-10-1917698,Memetic-LS_MPX_1287823,20,10,2057.0,1024001.0,2523555,2523555,2523556
WS_mm-15-25-1891798,Memetic-LS_MPX_1881515,15,25,4214.0,1024001.0,1254122,1254122,1254123
WS_mm-10-10-1767920,Memetic_MMX_1881515,10,10,3933.0,1024001.0,283194,283194,283195
WS_mm-10-25-1110588,Memetic-LS_MPX_1287823,10,25,4518.0,1024001.0,1055900,1055900,1055901
WS_mm-5-40-1110588,Memetic_MMX_1881515,5,40,7443.0,1024016.0,92764,92764,92765
WS_mm-10-40-1917698,Memetic_MPX_1287823,10,40,7198.0,1024006.0,72630,72630,72631
WS_mm-5-40-1762875,Memetic_MMX_1287823,5,40,6839.0,128004.0,14649,14649,14648
WS_mm-20-25-1917698,Memetic_MMX_1881515,20,25,6449.0,1024008.0,70563,70563,70564
WS_mm-20-25-1891798,Memetic-LS_MPX_1099666,20,25,2810.0,1024001.0,1313014,1313014,1313015
WS_mm-25-25-1891798,Memetic-LS_MPX_1287823,25,25,2176.0,1024001.0,1209510,1209510,1209511
WS_mm-15-10-1767920,Memetic_MPX_1881515,15,10,4346.0,1024003.0,239879,239879,239880
WS_mm-5-10-1917698,Memetic_MMX_1881515,5,10,3159.0,1024001.0,504156,504156,504157
WS_mm-5-10-1917698,Memetic-LS_MMX_1881515,5,10,3093.0,1024001.0,4704704,4704704,4704705
WS_mm-25-25-1891798,Memetic-LS_MPX_1099666,25,25,1938.0,1024001.0,1226864,1226864,1226865
WS_mm-20-10-1917698,Memetic_MPX_1099666,20,10,3663.0,1024004.0,251630,251630,251631
WS_mm-15-10-1762875,Memetic-LS_MMX_1287823,15,10,3477.0,1024001.0,3062783,3062783,3062784
WS_mm-25-10-1762875,Memetic_MMX_1287823,25,10,5163.0,1024007.0,134824,134824,134825
WS_mm-15-40-1917698,Memetic-LS_MMX_1881515,15,40,6832.0,1024002.0,617841,617841,617842
WS_mm-15-40-1762875,Memetic_MMX_1287823,15,40,7433.0,512004.0,36534,36534,36533
WS_mm-15-40-1110588,Memetic_MPX_1287823,15,40,7311.0,1024001.0,64222,64222,64223
WS_mm-20-10-1110588,Memetic-LS_MMX_1099666,20,10,3130.0,1024001.0,2497944,2497944,2497945
WS_mm-15-25-1767920,Memetic-LS_MMX_1287823,15,25,5205.0,1024001.0,1284341,1284341,1284342
WS_mm-15-10-1917698,Memetic_MPX_1099666,15,10,3756.0,1024002.0,272417,272417,272418
WS_mm-20-25-1917698,Memetic-LS_MMX_1099666,20,25,5385.0,1024004.0,1124400,1124400,1124401
WS_mm-5-10-1891798,Memetic-LS_MMX_1099666,5,10,3110.0,1024001.0,3724255,3724255,3724256
WS_mm-25-25-1917698,Memetic_MMX_1099666,25,25,6446.0,1024029.0,65195,65195,65196
WS_mm-15-25-1917698,Memetic-LS_MPX_1881515,15,25,3511.0,1024001.0,1494400,1494400,1494401
WS_mm-15-25-1762875,Memetic_MPX_1099666,15,25,6047.0,1024007.0,107588,107588,107589
WS_mm-10-40-1917698,Memetic_MPX_1099666,10,40,7339.0,1024008.0,73637,73637,73638
WS_mm-15-25-1762875,Memetic_MPX_1287823,15,25,6013.0,1024001.0,111307,111307,111308
WS_mm-20-10-1891798,Memetic-LS_MPX_1287823,20,10,2423.0,1024001.0,2472909,2472909,2472910
WS_mm-10-10-1891798,Memetic_MMX_1099666,10,10,3466.0,256001.0,81153,81153,81152
WS_mm-10-25-1891798,Memetic-LS_MPX_1881515,10,25,5309.0,1024001.0,1008934,1008934,1008935
WS_mm-15-25-1767920,Memetic-LS_MPX_1099666,15,25,3876.0,1024001.0,1286512,1286512,1286513
WS_mm-5-40-1767920,Memetic-LS_MPX_1881515,5,40,6098.0,1024001.0,557386,557386,557387
WS_mm-25-25-1762875,Memetic-LS_MPX_1099666,25,25,2038.0,1024001.0,1239151,1239151,1239152
WS_mm-10-25-1891798,Memetic-LS_MPX_1287823,10,25,4953.0,1024003.0,1072703,1072703,1072704
WS_mm-5-25-1767920,Memetic_MMX_1099666,5,25,5578.0,256004.0,36080,36080,36079
WS_mm-15-25-1767920,Memetic-LS_MPX_1287823,15,25,4031.0,1024001.0,1270322,1270322,1270323
WS_mm-15-10-1110588,Memetic_MPX_1287823,15,10,3929.0,1024003.0,315880,315880,315881
WS_mm-15-40-1762875,Memetic-LS_MPX_1099666,15,40,4262.0,1024006.0,825624,825624,825625
WS_mm-15-10-1762875,Memetic-LS_MMX_1881515,15,10,3629.0,1024001.0,2476434,2476434,2476435
WS_mm-20-10-1762875,Memetic-LS_MMX_1287823,20,10,4044.0,1024001.0,2093132,2093132,2093133
WS_mm-10-25-1762875,Memetic_MMX_1881515,10,25,5771.0,1024004.0,125975,125975,125976
WS_mm-10-40-1767920,Memetic-LS_MMX_1099666,10,40,5881.0,1024003.0,538199,538199,538200
WS_mm-5-10-1917698,Memetic_MMX_1099666,5,10,3159.0,1024001.0,488705,488705,488706
WS_mm-15-40-1110588,Memetic_MPX_1099666,15,40,7247.0,1024010.0,58480,58480,58481
WS_mm-15-10-1917698,Memetic-LS_MPX_1099666,15,10,3093.0,1024001.0,2480898,2480898,2480899
WS_mm-5-10-1110588,Memetic_MPX_1099666,5,10,2723.0,1024002.0,548791,548791,548792
WS_mm-5-10-1917698,Memetic-LS_MMX_1099666,5,10,3096.0,1024001.0,3727190,3727190,3727191
WS_mm-25-10-1917698,Memetic-LS_MPX_1287823,25,10,2106.0,1024001.0,2128683,2128683,2128684
WS_mm-5-40-1917698,Memetic_MMX_1881515,5,40,7603.0,1024014.0,64381,64381,64382
WS_mm-15-25-1917698,Memetic-LS_MMX_1881515,15,25,5011.0,1024002.0,1284898,1284898,1284899
WS_mm-15-40-1917698,Memetic-LS_MPX_1881515,15,40,4050.0,1024004.0,823616,823616,823617
WS_mm-15-40-1891798,Memetic_MPX_1881515,15,40,6821.0,1024004.0,72223,72223,72224
WS_mm-5-40-1762875,Memetic-LS_MMX_1287823,5,40,6500.0,1024001.0,883746,883746,883747
WS_mm-10-40-1917698,Memetic-LS_MMX_1099666,10,40,6827.0,1024001.0,643351,643351,643352
WS_mm-10-25-1767920,Memetic-LS_MPX_1287823,10,25,5248.0,1024001.0,1028090,1028090,1028091
WS_mm-10-25-1891798,Memetic_MPX_1881515,10,25,6367.0,1024005.0,140629,140629,140630
WS_mm-25-10-1110588,Memetic-LS_MMX_1287823,25,10,4393.0,1024001.0,1717918,1717918,1717919
WS_mm-10-40-1917698,Memetic-LS_MMX_1287823,10,40,5923.0,1024002.0,566529,566529,566530
WS_mm-15-25-1891798,Memetic_MMX_1287823,15,25,5963.0,1024007.0,91292,91292,91293
WS_mm-15-40-1891798,Memetic-LS_MMX_1287823,15,40,5746.0,1024002.0,683668,683668,683669
WS_mm-25-25-1891798,Memetic_MMX_1287823,25,25,6639.0,1024003.0,78029,78029,78030
WS_mm-15-10-1767920,Memetic_MPX_1287823,15,10,4315.0,1024002.0,233739,233739,233740
WS_mm-20-25-1767920,Memetic-LS_MMX_1287823,20,25,5897.0,1024004.0,1062968,1062968,1062969
WS_mm-20-25-1110588,Memetic-LS_MMX_1881515,20,25,5175.0,1024004.0,1190135,1190135,1190136
WS_mm-25-25-1891798,Memetic-LS_MMX_1099666,25,25,5741.0,1024004.0,1002254,1002254,1002255
WS_mm-25-25-1767920,Memetic_MMX_1881515,25,25,7216.0,1024013.0,58030,58030,58031
WS_mm-10-40-1891798,Memetic_MMX_1099666,10,40,7617.0,1024002.0,86433,86433,86434
WS_mm-20-25-1762875,Memetic-LS_MPX_1099666,20,25,2547.0,1024001.0,1314664,1314664,1314665
WS_mm-20-25-1767920,Memetic-LS_MPX_1881515,20,25,3192.0,1024001.0,1266733,1266733,1266734
WS_mm-20-25-1891798,Memetic-LS_MMX_1287823,20,25,5388.0,1024003.0,1039458,1039458,1039459
WS_mm-10-10-1767920,Memetic_MPX_1881515,10,10,3795.0,1024003.0,324795,324795,324796
WS_mm-25-10-1762875,Memetic_MPX_1287823,25,10,4431.0,1024003.0,194874,194874,194875
WS_mm-15-10-1767920,Memetic-LS_MMX_1099666,15,10,4385.0,1024001.0,2827537,2827537,2827538
WS_mm-10-40-1767920,Memetic-LS_MMX_1287823,10,40,5945.0,1024001.0,746363,746363,746364
WS_mm-15-10-1891798,Memetic_MPX_1099666,15,10,4007.0,1024003.0,239519,239519,239520
WS_mm-5-25-1891798,Memetic-LS_MPX_1099666,5,25,4751.0,1024001.0,1114095,1114095,1114096
WS_mm-25-25-1917698,Memetic_MMX_1881515,25,25,6559.0,1024005.0,70049,70049,70050
WS_mm-5-25-1762875,Memetic_MMX_1287823,5,25,5766.0,1024001.0,149370,149370,149371
WS_mm-10-10-1762875,Memetic_MPX_1881515,10,10,2865.0,1024003.0,427470,427470,427471
WS_mm-15-40-1110588,Memetic-LS_MMX_1881515,15,40,6672.0,1024004.0,631982,631982,631983
WS_mm-25-10-1110588,Memetic_MMX_1287823,25,10,5068.0,512003.0,69989,69989,69988
WS_mm-5-10-1762875,Memetic_MPX_1287823,5,10,2270.0,1024001.0,1005185,1005185,1005186
WS_mm-15-25-1891798,Memetic-LS_MMX_1287823,15,25,4869.0,1024001.0,1427213,1427213,1427214
WS_mm-5-40-1917698,Memetic-LS_MPX_1881515,5,40,6263.0,1024006.0,639247,639247,639248
WS_mm-10-25-1762875,Memetic_MPX_1099666,10,25,5402.0,1024005.0,146008,146008,146009
WS_mm-25-10-1767920,Memetic-LS_MPX_1881515,25,10,1943.0,1024001.0,2149894,2149894,2149895
WS_mm-5-25-1110588,Memetic-LS_MMX_1099666,5,25,5045.0,1024001.0,1113617,1113617,1113618
WS_mm-5-10-1767920,Memetic_MPX_1287823,5,10,3031.0,1024002.0,640559,640559,640560
WS_mm-25-10-1917698,Memetic-LS_MPX_1881515,25,10,2240.0,1024001.0,2130769,2130769,2130770
WS_mm-15-10-1762875,Memetic_MMX_1099666,15,10,3885.0,128002.0,33776,33776,33775
WS_mm-25-25-1110588,Memetic_MPX_1099666,25,25,6109.0,1024002.0,97397,97397,97398
WS_mm-10-40-1917698,Memetic-LS_MPX_1881515,10,40,4868.0,1024008.0,801821,801821,801822
WS_mm-5-25-1762875,Memetic-LS_MMX_1881515,5,25,5160.0,1024001.0,1087033,1087033,1087034
WS_mm-25-10-1917698,Memetic_MPX_1099666,25,10,4322.0,1024001.0,175466,175466,175467
WS_mm-10-25-1110588,Memetic-LS_MMX_1881515,10,25,5307.0,1024002.0,1225387,1225387,1225388
WS_mm-20-10-1762875,Memetic-LS_MPX_1287823,20,10,2215.0,1024001.0,2507198,2507198,2507199
WS_mm-20-10-1917698,Memetic-LS_MMX_1099666,20,10,3578.0,1024001.0,2523656,2523656,2523657
WS_mm-5-25-1767920,Memetic-LS_MMX_1881515,5,25,5166.0,1024002.0,1157903,1157903,1157904
WS_mm-25-25-1917698,Memetic_MPX_1099666,25,25,5586.0,1024002.0,110877,110877,110878
WS_mm-5-25-1762875,Memetic_MMX_1881515,5,25,5797.0,1024005.0,154804,154804,154805
WS_mm-5-25-1110588,Memetic_MPX_1287823,5,25,5525.0,1024002.0,158008,158008,158009
WS_mm-25-10-1767920,Memetic_MPX_1881515,25,10,3918.0,1024002.0,199661,199661,199662
WS_mm-10-10-1917698,Memetic_MPX_1287823,10,10,3446.0,1024001.0,400006,400006,400007
WS_mm-5-10-1767920,Memetic-LS_MMX_1287823,5,10,2896.0,1024001.0,4747986,4747986,4747987
WS_mm-20-10-1762875,Memetic-LS_MMX_1099666,20,10,3571.0,1024001.0,2094278,2094278,2094279
WS_mm-10-25-1917698,Memetic_MMX_1881515,10,25,5469.0,1024009.0,166620,166620,166621
WS_mm-20-25-1891798,Memetic-LS_MMX_1881515,20,25,5281.0,1024001.0,1085686,1085686,1085687
WS_mm-10-10-1917698,Memetic_MPX_1881515,10,10,3462.0,1024003.0,375428,375428,375429
WS_mm-20-10-1917698,Memetic_MMX_1287823,20,10,4165.0,1024005.0,208522,208522,208523
WS_mm-15-40-1762875,Memetic_MPX_1881515,15,40,6573.0,1024007.0,72726,72726,72727
WS_mm-15-10-1762875,Memetic_MMX_1287823,15,10,3894.0,1024007.0,233971,233971,233972
WS_mm-20-10-1767920,Memetic-LS_MPX_1287823,20,10,2363.0,1024001.0,2356842,2356842,2356843
WS_mm-5-25-1762875,Memetic-LS_MPX_1099666,5,25,4590.0,1024001.0,1273224,1273224,1273225
WS_mm-10-40-1891798,Memetic_MPX_1287823,10,40,7265.0,1024004.0,72648,72648,72649
WS_mm-5-10-1891798,Memetic-LS_MPX_1287823,5,10,2933.0,1024001.0,3348004,3348004,3348005
WS_mm-15-25-1891798,Memetic_MPX_1881515,15,25,5453.0,1024013.0,126456,126456,126457
WS_mm-15-40-1917698,Memetic_MMX_1881515,15,40,8796.0,1024003.0,34915,34915,34916
WS_mm-10-10-1762875,Memetic-LS_MMX_1287823,10,10,2813.0,1024001.0,3518946,3518946,3518947
WS_mm-15-40-1917698,Memetic-LS_MPX_1287823,15,40,3705.0,1024001.0,844585,844585,844586
WS_mm-15-10-1891798,Memetic_MPX_1881515,15,10,4243.0,1024004.0,260618,260618,260619
WS_mm-5-40-1891798,Memetic_MPX_1099666,5,40,7812.0,1024013.0,65754,65754,65755
WS_mm-25-10-1891798,Memetic_MMX_1099666,25,10,5242.0,1024001.0,152838,152838,152839
WS_mm-5-10-1762875,Memetic_MPX_1881515,5,10,2270.0,1024001.0,1233054,1233054,1233055
WS_mm-15-10-1767920,Memetic-LS_MPX_1287823,15,10,3766.0,1024001.0,2297485,2297485,2297486
WS_mm-15-25-1767920,Memetic_MPX_1099666,15,25,5281.0,1024009.0,105649,105649,105650
WS_mm-20-10-1762875,Memetic-LS_MMX_1881515,20,10,3889.0,1024001.0,2290437,2290437,2290438
WS_mm-20-10-1767920,Memetic-LS_MMX_1287823,20,10,3861.0,1024001.0,2019096,2019096,2019097
WS_mm-10-25-1110588,Memetic_MMX_1099666,10,25,6068.0,1024004.0,112149,112149,112150
WS_mm-25-10-1917698,Memetic_MMX_1881515,25,10,4913.0,1024005.0,127129,127129,127130
WS_mm-5-25-1767920,Memetic-LS_MMX_1287823,5,25,5105.0,1024003.0,1226808,1226808,1226809
WS_mm-10-40-1917698,Memetic_MPX_1881515,10,40,6948.0,1024007.0,76437,76437,76438
WS_mm-25-10-1110588,Memetic-LS_MPX_1099666,25,10,2429.0,1024001.0,2187208,2187208,2187209
WS_mm-15-25-1762875,Memetic-LS_MPX_1287823,15,25,3909.0,1024001.0,1385928,1385928,1385929
WS_mm-15-10-1917698,Memetic-LS_MMX_1881515,15,10,3917.0,1024001.0,2621498,2621498,2621499
WS_mm-25-25-1767920,Memetic_MMX_1287823,25,25,7003.0,1024012.0,51933,51933,51934
WS_mm-5-25-1891798,Memetic_MMX_1881515,5,25,5238.0,1024001.0,178667,178667,178668
WS_mm-15-10-1762875,Memetic_MPX_1287823,15,10,3644.0,1024001.0,290283,290283,290284
WS_mm-25-25-1110588,Memetic-LS_MMX_1287823,25,25,5053.0,1024001.0,1111267,1111267,1111268
WS_mm-5-25-1891798,Memetic-LS_MMX_1099666,5,25,4857.0,1024001.0,1390708,1390708,1390709
WS_mm-15-40-1762875,Memetic-LS_MPX_1287823,15,40,3954.0,1024001.0,825122,825122,825123
WS_mm-20-25-1762875,Memetic-LS_MPX_1881515,20,25,2465.0,1024001.0,1345101,1345101,1345102
WS_mm-5-25-1110588,Memetic-LS_MMX_1881515,5,25,5368.0,1024001.0,1474914,1474914,1474915
WS_mm-5-25-1762875,Memetic_MPX_1881515,5,25,5573.0,1024004.0,151380,151380,151381
WS_mm-10-40-1762875,Memetic-LS_MPX_1099666,10,40,5442.0,1024001.0,757510,757510,757511
WS_mm-10-25-1762875,Memetic-LS_MMX_1287823,10,25,4862.0,1024001.0,1101519,1101519,1101520
WS_mm-10-10-1762875,Memetic_MMX_1881515,10,10,2931.0,32002.0,12881,12881,12880
WS_mm-25-25-1762875,Memetic-LS_MPX_1881515,25,25,2143.0,1024001.0,1214752,1214752,1214753
WS_mm-5-25-1762875,Memetic_MMX_1099666,5,25,5787.0,1024006.0,131769,131769,131770
WS_mm-10-40-1110588,Memetic_MMX_1287823,10,40,7692.0,1024010.0,66197,66197,66198
WS_mm-10-25-1110588,Memetic_MMX_1881515,10,25,6010.0,1024004.0,117803,117803,117804
WS_mm-10-40-1767920,Memetic_MPX_1287823,10,40,7214.0,1024003.0,72854,72854,72855
WS_mm-10-10-1767920,Memetic_MMX_1287823,10,10,3931.0,1024003.0,309863,309863,309864
WS_mm-5-10-1917698,Memetic_MPX_1099666,5,10,3149.0,1024002.0,551141,551141,551142
WS_mm-15-40-1891798,Memetic_MPX_1099666,15,40,6778.0,1024004.0,72538,72538,72539
WS_mm-5-10-1767920,Memetic-LS_MPX_1881515,5,10,2932.0,1024001.0,3530236,3530236,3530237
WS_mm-5-10-1917698,Memetic-LS_MPX_1099666,5,10,3053.0,1024001.0,3446649,3446649,3446650
WS_mm-20-25-1767920,Memetic-LS_MPX_1287823,20,25,2998.0,1024001.0,1288745,1288745,1288746
WS_mm-20-10-1891798,Memetic-LS_MPX_1099666,20,10,2074.0,1024001.0,2526713,2526713,2526714
WS_mm-10-40-1891798,Memetic-LS_MPX_1287823,10,40,5169.0,1024008.0,646283,646283,646284
WS_mm-15-25-1917698,Memetic_MMX_1287823,15,25,6314.0,1024007.0,91620,91620,91621
WS_mm-20-10-1767920,Memetic-LS_MMX_1099666,20,10,4090.0,1024001.0,2302997,2302997,2302998
WS_mm-25-25-1917698,Memetic_MMX_1287823,25,25,6512.0,1024005.0,60514,60514,60515
WS_mm-20-10-1767920,Memetic-LS_MPX_1099666,20,10,2144.0,1024001.0,2424018,2424018,2424019
WS_mm-15-25-1767920,Memetic-LS_MMX_1881515,15,25,5491.0,1024004.0,1073535,1073535,1073536
WS_mm-15-25-1891798,Memetic-LS_MMX_1099666,15,25,5344.0,1024001.0,870064,870064,870065
WS_mm-5-40-1891798,Memetic-LS_MMX_1881515,5,40,6514.0,1024001.0,673572,673572,673573
WS_mm-25-10-1762875,Memetic-LS_MPX_1099666,25,10,2127.0,1024001.0,2119183,2119183,2119184
WS_mm-20-10-1891798,Memetic-LS_MMX_1287823,20,10,4251.0,1024001.0,2112436,2112436,2112437
WS_mm-10-25-1917698,Memetic_MMX_1287823,10,25,5451.0,1024003.0,141934,141934,141935
WS_mm-15-10-1110588,Memetic_MMX_1287823,15,10,4218.0,1024004.0,244128,244128,244129
WS_mm-10-10-1917698,Memetic-LS_MMX_1881515,10,10,3344.0,1024001.0,3615092,3615092,3615093
WS_mm-20-25-1767920,Memetic_MMX_1881515,20,25,7305.0,1024006.0,64520,64520,64521
WS_mm-15-10-1917698,Memetic_MMX_1099666,15,10,4107.0,1024003.0,203329,203329,203330
WS_mm-20-10-1767920,Memetic_MPX_1287823,20,10,4041.0,1024007.0,224226,224226,224227
WS_mm-20-10-1110588,Memetic_MPX_1287823,20,10,3898.0,1024003.0,286785,286785,286786
WS_mm-15-25-1110588,Memetic_MMX_1881515,15,25,7010.0,1024012.0,73324,73324,73325
WS_mm-5-10-1762875,Memetic_MMX_1287823,5,10,2257.0,256000.0,211186,211186,211185
WS_mm-15-10-1767920,Memetic-LS_MMX_1287823,15,10,4254.0,1024001.0,2097523,2097523,2097524
WS_mm-5-25-1917698,Memetic_MMX_1287823,5,25,5246.0,1024004.0,159834,159834,159835
WS_mm-20-25-1110588,Memetic-LS_MPX_1287823,20,25,2235.0,1024001.0,1371573,1371573,1371574
WS_mm-5-25-1891798,Memetic_MPX_1287823,5,25,5258.0,1024007.0,190472,190472,190473
WS_mm-5-40-1110588,Memetic-LS_MPX_1287823,5,40,5895.0,1024002.0,666764,666764,666765
WS_mm-25-25-1110588,Memetic_MMX_1881515,25,25,7212.0,1024006.0,68294,68294,68295
WS_mm-5-10-1762875,Memetic-LS_MMX_1881515,5,10,2248.0,1024001.0,6093762,6093762,6093763
WS_mm-10-40-1767920,Memetic_MMX_1099666,10,40,7628.0,1024034.0,50804,50804,50805
WS_mm-15-10-1762875,Memetic-LS_MPX_1287823,15,10,2829.0,1024001.0,2571036,2571036,2571037
WS_mm-5-25-1110588,Memetic-LS_MPX_1287823,5,25,4992.0,1024002.0,1056785,1056785,1056786
WS_mm-20-10-1767920,Memetic_MPX_1099666,20,10,4137.0,1024002.0,229861,229861,229862
WS_mm-20-10-1891798,Memetic_MPX_1099666,20,10,4522.0,1024002.0,224369,224369,224370
WS_mm-20-25-1767920,Memetic-LS_MMX_1099666,20,25,5752.0,1024001.0,985824,985824,985825
WS_mm-5-40-1110588,Memetic-LS_MMX_1099666,5,40,6724.0,1024004.0,729695,729695,729696
WS_mm-10-10-1762875,Memetic_MMX_1287823,10,10,2929.0,128000.0,50911,50911,50910
WS_mm-15-40-1891798,Memetic-LS_MPX_1881515,15,40,4930.0,1024002.0,736039,736039,736040
WS_mm-25-25-1762875,Memetic_MPX_1287823,25,25,5290.0,1024004.0,113207,113207,113208
WS_mm-20-25-1767920,Memetic_MPX_1099666,20,25,6234.0,1024003.0,83999,83999,84000
WS_mm-10-25-1891798,Memetic-LS_MMX_1287823,10,25,5790.0,1024001.0,1087571,1087571,1087572
WS_mm-25-25-1891798,Memetic_MMX_1881515,25,25,6782.0,1024002.0,85942,85942,85943
WS_mm-5-40-1891798,Memetic_MMX_1287823,5,40,7980.0,128011.0,8593,8593,8592
WS_mm-20-10-1891798,Memetic-LS_MMX_1099666,20,10,4105.0,1024001.0,2364444,2364444,2364445
WS_mm-15-10-1891798,Memetic_MMX_1099666,15,10,4533.0,1024002.0,185620,185620,185621
WS_mm-15-40-1767920,Memetic_MPX_1881515,15,40,7478.0,1024032.0,52334,52334,52335
WS_mm-15-25-1917698,Memetic_MMX_1099666,15,25,6333.0,1024001.0,84853,84853,84854
WS_mm-10-25-1917698,Memetic-LS_MMX_1881515,10,25,4735.0,1024002.0,1231646,1231646,1231647
WS_mm-15-25-1762875,Memetic_MMX_1881515,15,25,6731.0,1024009.0,77626,77626,77627
WS_mm-5-40-1891798,Memetic_MPX_1287823,5,40,7897.0,1024011.0,71775,71775,71776
WS_mm-15-10-1110588,Memetic_MMX_1099666,15,10,4268.0,1024002.0,250870,250870,250871
WS_mm-15-10-1891798,Memetic-LS_MPX_1099666,15,10,3147.0,1024001.0,2137100,2137100,2137101
WS_mm-20-10-1762875,Memetic_MMX_1287823,20,10,4483.0,1024001.0,202823,202823,202824
WS_mm-5-40-1110588,Memetic_MMX_1099666,5,40,7441.0,1024007.0,75119,75119,75120
WS_mm-25-10-1110588,Memetic_MPX_1099666,25,10,4415.0,1024005.0,204030,204030,204031
WS_mm-5-10-1762875,Memetic-LS_MMX_1099666,5,10,2239.0,1024001.0,5630350,5630350,5630351
WS_mm-15-10-1767920,Memetic_MMX_1099666,15,10,4601.0,1024002.0,234189,234189,234190
WS_mm-15-40-1891798,Memetic-LS_MPX_1287823,15,40,4734.0,1024001.0,716413,716413,716414
WS_mm-15-40-1767920,Memetic-LS_MMX_1287823,15,40,5903.0,1024005.0,684469,684469,684470
WS_mm-15-10-1110588,Memetic_MPX_1099666,15,10,3869.0,1024002.0,335471,335471,335472
WS_mm-20-25-1917698,Memetic-LS_MPX_1287823,20,25,2626.0,1024001.0,1322815,1322815,1322816
WS_mm-5-40-1917698,Memetic_MPX_1287823,5,40,7373.0,1024009.0,60515,60515,60516
WS_mm-10-40-1917698,Memetic_MMX_1881515,10,40,7674.0,1024002.0,76147,76147,76148
WS_mm-25-25-1891798,Memetic-LS_MMX_1881515,25,25,5225.0,1024002.0,999358,999358,999359
WS_mm-5-40-1891798,Memetic-LS_MPX_1287823,5,40,6599.0,1024001.0,610394,610394,610395
WS_mm-15-10-1891798,Memetic-LS_MPX_1881515,15,10,3535.0,1024001.0,2125727,2125727,2125728
WS_mm-5-10-1110588,Memetic-LS_MMX_1287823,5,10,2664.0,1024001.0,5475320,5475320,5475321
WS_mm-15-40-1762875,Memetic-LS_MMX_1881515,15,40,5642.0,1024004.0,717062,717062,717063
WS_mm-10-25-1767920,Memetic_MPX_1099666,10,25,6022.0,1024003.0,124163,124163,124164
WS_mm-15-40-1891798,Memetic_MMX_1099666,15,40,7421.0,256003.0,12712,12712,12711
WS_mm-5-25-1917698,Memetic-LS_MPX_1099666,5,25,4692.0,1024003.0,1293229,1293229,1293230
WS_mm-25-25-1110588,Memetic-LS_MPX_1881515,25,25,2020.0,1024001.0,1236985,1236985,1236986
WS_mm-5-25-1110588,Memetic_MMX_1099666,5,25,5556.0,1024002.0,206644,206644,206645
WS_mm-10-25-1917698,Memetic_MPX_1099666,10,25,5096.0,1024006.0,152651,152651,152652
WS_mm-20-10-1767920,Memetic_MMX_1099666,20,10,4678.0,1024014.0,160387,160387,160388
WS_mm-15-25-1110588,Memetic-LS_MPX_1287823,15,25,4009.0,1024001.0,1383137,1383137,1383138
WS_mm-25-10-1762875,Memetic_MMX_1099666,25,10,5141.0,512000.0,67453,67453,67452
WS_mm-20-10-1917698,Memetic_MMX_1099666,20,10,4142.0,1024005.0,185941,185941,185942
WS_mm-10-40-1110588,Memetic-LS_MMX_1881515,10,40,6287.0,1024004.0,708457,708457,708458
WS_mm-5-10-1110588,Memetic_MPX_1287823,5,10,2711.0,1024001.0,647921,647921,647922
WS_mm-15-40-1767920,Memetic_MMX_1287823,15,40,8315.0,1024017.0,43167,43167,43168
WS_mm-20-10-1110588,Memetic_MMX_1287823,20,10,4325.0,1024003.0,221929,221929,221930
WS_mm-20-25-1917698,Memetic-LS_MMX_1287823,20,25,5254.0,1024001.0,1181659,1181659,1181660
WS_mm-5-25-1917698,Memetic-LS_MMX_1287823,5,25,4956.0,1024001.0,1256138,1256138,1256139
WS_mm-25-25-1767920,Memetic-LS_MPX_1099666,25,25,2483.0,1024001.0,1185054,1185054,1185055
WS_mm-10-10-1891798,Memetic-LS_MMX_1881515,10,10,3247.0,1024001.0,3257169,3257169,3257170
WS_mm-15-40-1917698,Memetic_MPX_1099666,15,40,7596.0,1024009.0,67800,67800,67801
WS_mm-20-25-1767920,Memetic_MPX_1881515,20,25,6197.0,1024007.0,85072,85072,85073
WS_mm-15-10-1891798,Memetic_MMX_1287823,15,10,4576.0,1024004.0,193575,193575,193576
WS_mm-10-10-1917698,Memetic-LS_MPX_1099666,10,10,3164.0,1024001.0,2244710,2244710,2244711
WS_mm-25-25-1110588,Memetic_MMX_1287823,25,25,7350.0,1024012.0,65501,65501,65502
WS_mm-25-10-1891798,Memetic-LS_MMX_1881515,25,10,4592.0,1024001.0,1789090,1789090,1789091
WS_mm-20-25-1891798,Memetic_MMX_1099666,20,25,6508.0,1024012.0,90646,90646,90647
WS_mm-20-25-1762875,Memetic-LS_MMX_1099666,20,25,4953.0,1024001.0,1028040,1028040,1028041
WS_mm-25-25-1917698,Memetic-LS_MPX_1099666,25,25,2346.0,1024004.0,1230203,1230203,1230204
WS_mm-10-40-1110588,Memetic_MPX_1287823,10,40,6978.0,1024007.0,69485,69485,69486
WS_mm-5-40-1110588,Memetic-LS_MMX_1881515,5,40,6412.0,1024001.0,801287,801287,801288
WS_mm-5-25-1767920,Memetic-LS_MPX_1287823,5,25,4979.0,1024001.0,906282,906282,906283
WS_mm-15-10-1762875,Memetic_MMX_1881515,15,10,3945.0,1024003.0,261827,261827,261828
WS_mm-25-25-1767920,Memetic_MPX_1881515,25,25,6022.0,1024010.0,87977,87977,87978
WS_mm-5-40-1891798,Memetic-LS_MPX_1099666,5,40,6683.0,1024001.0,512453,512453,512454
WS_mm-20-25-1917698,Memetic_MMX_1099666,20,25,6434.0,1024010.0,71876,71876,71877
WS_mm-15-25-1891798,Memetic-LS_MPX_1099666,15,25,3294.0,1024003.0,1427532,1427532,1427533
WS_mm-15-25-1110588,Memetic-LS_MMX_1099666,15,25,5972.0,1024003.0,724689,724689,724690
WS_mm-10-40-1767920,Memetic_MMX_1881515,10,40,7540.0,64008.0,3209,3209,3208
WS_mm-25-25-1762875,Memetic_MMX_1099666,25,25,6248.0,1024013.0,86861,86861,86862
WS_mm-25-10-1767920,Memetic-LS_MMX_1099666,25,10,3843.0,1024001.0,2312522,2312522,2312523
WS_mm-25-10-1767920,Memetic-LS_MMX_1881515,25,10,3868.0,1024001.0,1802376,1802376,1802377
WS_mm-10-25-1110588,Memetic-LS_MPX_1881515,10,25,4704.0,1024001.0,1175282,1175282,1175283
WS_mm-5-40-1110588,Memetic_MPX_1099666,5,40,7283.0,1024004.0,60636,60636,60637
WS_mm-10-25-1762875,Memetic_MPX_1881515,10,25,5337.0,1024003.0,139486,139486,139487
WS_mm-10-10-1767920,Memetic-LS_MPX_1287823,10,10,3525.0,1024001.0,2176835,2176835,2176836
WS_mm-5-10-1767920,Memetic_MMX_1099666,5,10,3031.0,256000.0,167210,167210,167209
WS_mm-5-40-1762875,Memetic-LS_MPX_1287823,5,40,5903.0,1024001.0,615748,615748,615749
WS_mm-5-10-1110588,Memetic-LS_MPX_1287823,5,10,2633.0,1024001.0,5871147,5871147,5871148
WS_mm-20-25-1891798,Memetic-LS_MPX_1881515,20,25,3014.0,1024001.0,1290040,1290040,1290041
WS_mm-15-40-1110588,Memetic-LS_MMX_1287823,15,40,6278.0,1024007.0,544078,544078,544079
WS_mm-5-25-1891798,Memetic_MPX_1099666,5,25,5259.0,1024004.0,170355,170355,170356
WS_mm-15-40-1110588,Memetic-LS_MPX_1099666,15,40,3910.0,1024001.0,844058,844058,844059
WS_mm-20-25-1762875,Memetic-LS_MMX_1287823,20,25,5233.0,1024001.0,947174,947174,947175
WS_mm-25-25-1110588,Memetic-LS_MMX_1099666,25,25,5681.0,1024003.0,972470,972470,972471
WS_mm-5-40-1762875,Memetic-LS_MMX_1099666,5,40,6467.0,1024001.0,817753,817753,817754
WS_mm-20-10-1110588,Memetic-LS_MPX_1287823,20,10,2189.0,1024001.0,2546440,2546440,2546441
WS_mm-15-25-1110588,Memetic_MPX_1287823,15,25,6200.0,1024007.0,111157,111157,111158
WS_mm-10-10-1891798,Memetic_MPX_1099666,10,10,3398.0,1024003.0,378857,378857,378858
WS_mm-25-10-1110588,Memetic_MMX_1099666,25,10,5106.0,256002.0,36868,36868,36867
WS_mm-10-25-1762875,Memetic_MMX_1287823,10,25,5784.0,1024003.0,121824,121824,121825
WS_mm-15-25-1110588,Memetic-LS_MPX_1881515,15,25,3854.0,1024002.0,1478860,1478860,1478861
WS_mm-25-25-1917698,Memetic_MPX_1881515,25,25,5442.0,1024002.0,108254,108254,108255
WS_mm-5-25-1917698,Memetic_MMX_1881515,5,25,5198.0,512001.0,83527,83527,83526
WS_mm-10-10-1891798,Memetic_MPX_1287823,10,10,3445.0,1024002.0,400861,400861,400862
WS_mm-25-25-1767920,Memetic-LS_MMX_1881515,25,25,5355.0,1024001.0,987118,987118,987119
WS_mm-10-10-1110588,Memetic-LS_MMX_1881515,10,10,3296.0,1024001.0,3208702,3208702,3208703
WS_mm-10-40-1767920,Memetic-LS_MPX_1881515,10,40,5597.0,1024001.0,723345,723345,723346
WS_mm-10-25-1762875,Memetic_MMX_1099666,10,25,5794.0,1024007.0,126078,126078,126079
WS_mm-25-10-1891798,Memetic_MPX_1287823,25,10,4647.0,1024005.0,190237,190237,190238
WS_mm-5-10-1762875,Memetic-LS_MPX_1099666,5,10,2181.0,1024001.0,5641609,5641609,5641610
WS_mm-5-10-1110588,Memetic-LS_MPX_1881515,5,10,2644.0,1024001.0,4903716,4903716,4903717
WS_mm-10-40-1891798,Memetic-LS_MMX_1881515,10,40,5909.0,1024002.0,728481,728481,728482
WS_mm-5-25-1110588,Memetic-LS_MPX_1099666,5,25,5300.0,1024001.0,1234940,1234940,1234941
WS_mm-15-40-1767920,Memetic-LS_MMX_1099666,15,40,5698.0,1024001.0,647694,647694,647695
WS_mm-5-10-1891798,Memetic-LS_MPX_1099666,5,10,3051.0,1024001.0,3843600,3843600,3843601
WS_mm-20-10-1110588,Memetic_MPX_1881515,20,10,3797.0,1024001.0,301092,301092,301093
WS_mm-15-10-1917698,Memetic_MMX_1287823,15,10,4107.0,1024003.0,207711,207711,207712
WS_mm-5-10-1891798,Memetic_MPX_1881515,5,10,3198.0,1024001.0,588527,588527,588528
WS_mm-20-25-1762875,Memetic-LS_MMX_1881515,20,25,4987.0,1024001.0,1076821,1076821,1076822
WS_mm-10-10-1762875,Memetic_MPX_1287823,10,10,2870.0,1024002.0,489802,489802,489803
WS_mm-5-25-1110588,Memetic_MPX_1881515,5,25,5566.0,1024002.0,169341,169341,169342
WS_mm-15-40-1891798,Memetic-LS_MMX_1099666,15,40,5413.0,1024002.0,742245,742245,742246
WS_mm-10-25-1891798,Memetic_MMX_1287823,10,25,6348.0,1024002.0,116079,116079,116080
WS_mm-10-40-1917698,Memetic-LS_MPX_1287823,10,40,5782.0,1024001.0,654281,654281,654282
WS_mm-5-25-1891798,Memetic-LS_MPX_1881515,5,25,4545.0,1024002.0,1372240,1372240,1372241
WS_mm-10-25-1917698,Memetic_MMX_1099666,10,25,5480.0,1024007.0,135597,135597,135598
WS_mm-10-25-1767920,Memetic_MMX_1099666,10,25,6287.0,1024008.0,98902,98902,98903
WS_mm-10-40-1110588,Memetic-LS_MPX_1881515,10,40,5486.0,1024008.0,650223,650223,650224
WS_mm-20-10-1767920,Memetic_MMX_1881515,20,10,4665.0,512003.0,90825,90825,90824
WS_mm-10-25-1891798,Memetic-LS_MMX_1881515,10,25,5744.0,1024001.0,1151870,1151870,1151871
WS_mm-5-40-1767920,Memetic_MPX_1881515,5,40,7529.0,1024001.0,70273,70273,70274
WS_mm-10-10-1110588,Memetic-LS_MPX_1099666,10,10,2805.0,1024001.0,2177172,2177172,2177173
WS_mm-25-10-1110588,Memetic_MPX_1881515,25,10,4417.0,1024005.0,205634,205634,205635
WS_mm-15-10-1110588,Memetic-LS_MMX_1881515,15,10,3885.0,1024001.0,2222345,2222345,2222346
WS_mm-10-40-1762875,Memetic_MMX_1881515,10,40,7839.0,1024005.0,61416,61416,61417
WS_mm-5-10-1767920,Memetic_MPX_1881515,5,10,3023.0,1024002.0,692471,692471,692472
WS_mm-15-40-1891798,Memetic_MPX_1287823,15,40,6977.0,1024004.0,73786,73786,73787
WS_mm-5-40-1762875,Memetic-LS_MPX_1099666,5,40,6116.0,1024001.0,662744,662744,662745
WS_mm-10-10-1891798,Memetic-LS_MMX_1099666,10,10,3330.0,1024001.0,3499910,3499910,3499911
WS_mm-25-25-1767920,Memetic-LS_MPX_1881515,25,25,2112.0,1024001.0,1200722,1200722,1200723
WS_mm-10-10-1110588,Memetic_MPX_1881515,10,10,3381.0,1024005.0,431769,431769,431770
WS_mm-25-25-1917698,Memetic_MPX_1287823,25,25,5502.0,1024004.0,112239,112239,112240
WS_mm-15-40-1767920,Memetic-LS_MPX_1287823,15,40,4218.0,1024001.0,808526,808526,808527
WS_mm-10-10-1767920,Memetic-LS_MPX_1099666,10,10,3407.0,1024001.0,2017529,2017529,2017530
WS_mm-5-25-1110588,Memetic-LS_MMX_1287823,5,25,5283.0,1024001.0,1085575,1085575,1085576
WS_mm-10-25-1110588,Memetic_MPX_1099666,10,25,5629.0,1024003.0,141839,141839,141840
WS_mm-15-25-1891798,Memetic_MMX_1881515,15,25,6040.0,1024002.0,96603,96603,96604
WS_mm-25-25-1767920,Memetic_MPX_1099666,25,25,5980.0,1024008.0,85461,85461,85462
WS_mm-10-10-1110588,Memetic_MMX_1287823,10,10,3512.0,256000.0,88862,88862,88861
WS_mm-10-25-1762875,Memetic-LS_MPX_1099666,10,25,4140.0,1024001.0,1060556,1060556,1060557
WS_mm-5-25-1767920,Memetic-LS_MMX_1099666,5,25,5301.0,1024002.0,1346064,1346064,1346065
WS_mm-20-10-1917698,Memetic_MPX_1881515,20,10,3678.0,1024001.0,267524,267524,267525
WS_mm-5-25-1762875,Memetic_MPX_1099666,5,25,5734.0,1024006.0,158835,158835,158836
WS_mm-15-40-1767920,Memetic_MMX_1881515,15,40,8256.0,1024012.0,41045,41045,41046
WS_mm-5-40-1767920,Memetic_MMX_1099666,5,40,7533.0,512007.0,41279,41279,41278
WS_mm-25-10-1917698,Memetic-LS_MMX_1287823,25,10,4165.0,1024001.0,1997875,1997875,1997876
WS_mm-10-10-1891798,Memetic_MMX_1287823,10,10,3433.0,1024002.0,326511,326511,326512
WS_mm-5-40-1917698,Memetic_MPX_1099666,5,40,7511.0,1024015.0,56790,56790,56791
