instance,settings_prefix,m,n,value,time,nIter,best_iter,improv_count
WS_mm-10-40-1917698,Memetic_MMX,10.0,40.0,7820.666666666667,1024012.0,70479.66666666667,70479.66666666667,70480.66666666667
WS_mm-10-10-1762875,Memetic-LS_MMX,10.0,10.0,2628.0,1024001.0,4361096.333333333,4361096.333333333,4361097.333333333
WS_mm-10-10-1917698,Memetic_MMX,10.0,10.0,3599.0,1024002.6666666666,336684.0,336684.0,336685.0
WS_mm-10-25-1917698,Memetic-LS_MMX,10.0,25.0,4921.333333333333,1024001.0,1200958.0,1200958.0,1200959.0
WS_mm-5-40-1917698,Memetic-LS_MMX,5.0,40.0,6561.666666666667,1024001.6666666666,593106.0,593106.0,593107.0
WS_mm-25-10-1917698,Memetic-LS_MPX,25.0,10.0,2873.0,1024001.0,1935655.0,1935655.0,1935656.0
WS_mm-15-40-1767920,Memetic_MPX,15.0,40.0,7613.333333333333,1024008.3333333334,54133.0,54133.0,54134.0
WS_mm-5-10-1891798,Memetic-LS_MMX,5.0,10.0,3114.3333333333335,1024001.0,4123437.6666666665,4123437.6666666665,4123438.6666666665
WS_mm-25-25-1762875,Memetic-LS_MPX,25.0,25.0,3247.0,1024001.0,1074094.3333333333,1074094.3333333333,1074095.3333333333
WS_mm-10-25-1110588,Memetic-LS_MMX,10.0,25.0,5211.666666666667,1024002.0,1156219.0,1156219.0,1156220.0
WS_mm-25-25-1110588,Memetic_MPX,25.0,25.0,6022.0,1024005.3333333334,93102.0,93102.0,93103.0
WS_mm-20-25-1917698,Memetic_MMX,20.0,25.0,6415.333333333333,1024005.3333333334,80861.0,80861.0,80862.0
WS_mm-20-10-1110588,Memetic-LS_MMX,20.0,10.0,3663.0,1024001.6666666666,2122664.3333333335,2122664.3333333335,2122665.3333333335
WS_mm-5-25-1762875,Memetic-LS_MMX,5.0,25.0,5340.666666666667,1024001.0,1313927.3333333333,1313927.3333333333,1313928.3333333333
WS_mm-5-40-1891798,Memetic-LS_MMX,5.0,40.0,6316.666666666667,1024002.6666666666,575867.0,575867.0,575868.0
WS_mm-10-25-1767920,Memetic-LS_MMX,10.0,25.0,5524.666666666667,1024001.3333333334,1084565.3333333333,1084565.3333333333,1084566.3333333333
WS_mm-10-25-1891798,Memetic-LS_MPX,10.0,25.0,5250.0,1024001.0,1037038.0,1037038.0,1037039.0
WS_mm-20-25-1891798,Memetic_MMX,20.0,25.0,6517.0,1024008.6666666666,85819.66666666667,85819.66666666667,85820.66666666667
WS_mm-20-25-1917698,Memetic_MPX,20.0,25.0,5534.333333333333,1024007.3333333334,109662.33333333333,109662.33333333333,109663.33333333333
WS_mm-25-10-1917698,Memetic_MPX,25.0,10.0,4384.666666666667,1024007.0,169513.0,169513.0,169514.0
WS_mm-5-25-1917698,Memetic_MPX,5.0,25.0,5204.333333333333,1024008.0,187787.33333333334,187787.33333333334,187788.33333333334
WS_mm-15-10-1917698,Memetic-LS_MMX,15.0,10.0,3777.6666666666665,1024001.0,2656683.6666666665,2656683.6666666665,2656684.6666666665
WS_mm-20-25-1762875,Memetic_MPX,20.0,25.0,5646.0,1024003.0,99110.66666666667,99110.66666666667,99111.66666666667
WS_mm-25-25-1891798,Memetic-LS_MMX,25.0,25.0,5293.333333333333,1024001.3333333334,1124052.3333333333,1124052.3333333333,1124053.3333333333
WS_mm-5-40-1767920,Memetic_MPX,5.0,40.0,7497.0,1024013.6666666666,74087.66666666667,74087.66666666667,74088.66666666667
WS_mm-10-40-1762875,Memetic_MPX,10.0,40.0,7399.333333333333,1024008.6666666666,71988.0,71988.0,71989.0
WS_mm-10-25-1891798,Memetic-LS_MMX,10.0,25.0,5533.0,1024002.0,1378417.6666666667,1378417.6666666667,1378418.6666666667
WS_mm-25-25-1767920,Memetic-LS_MMX,25.0,25.0,5576.666666666667,1024001.0,998483.3333333334,998483.3333333334,998484.3333333334
WS_mm-20-25-1767920,Memetic-LS_MMX,20.0,25.0,5713.0,1024001.3333333334,1036865.6666666666,1036865.6666666666,1036866.6666666666
WS_mm-5-40-1917698,Memetic-LS_MPX,5.0,40.0,5637.0,1024001.3333333334,555262.0,555262.0,555263.0
WS_mm-25-10-1891798,Memetic-LS_MMX,25.0,10.0,4584.0,1024001.3333333334,1980853.6666666667,1980853.6666666667,1980854.6666666667
WS_mm-10-25-1767920,Memetic_MMX,10.0,25.0,6364.0,1024014.0,98333.66666666667,98333.66666666667,98334.66666666667
WS_mm-20-10-1762875,Memetic_MPX,20.0,10.0,4057.3333333333335,1024003.0,239013.33333333334,239013.33333333334,239014.33333333334
WS_mm-5-10-1767920,Memetic_MMX,5.0,10.0,3031.0,1024001.6666666666,629862.3333333334,629862.3333333334,629863.3333333334
WS_mm-25-10-1767920,Memetic_MMX,25.0,10.0,4447.0,1024004.6666666666,133081.33333333334,133081.33333333334,133082.33333333334
WS_mm-25-25-1762875,Memetic-LS_MMX,25.0,25.0,5227.0,1024001.3333333334,1007908.3333333334,1007908.3333333334,1007909.3333333334
WS_mm-20-25-1762875,Memetic_MMX,20.0,25.0,6472.666666666667,1024005.0,75446.66666666667,75446.66666666667,75447.66666666667
WS_mm-15-40-1762875,Memetic-LS_MMX,15.0,40.0,5957.0,1024002.6666666666,736830.0,736830.0,736831.0
WS_mm-15-40-1110588,Memetic_MMX,15.0,40.0,8423.333333333334,1024014.6666666666,47929.333333333336,47929.333333333336,47930.333333333336
WS_mm-5-40-1767920,Memetic_MMX,5.0,40.0,7546.0,1024008.6666666666,77000.66666666667,77000.66666666667,77001.66666666667
WS_mm-20-10-1891798,Memetic-LS_MMX,20.0,10.0,4297.666666666667,1024001.0,2212848.3333333335,2212848.3333333335,2212849.3333333335
WS_mm-10-40-1767920,Memetic-LS_MPX,10.0,40.0,5303.333333333333,1024001.3333333334,638145.6666666666,638145.6666666666,638146.6666666666
WS_mm-10-40-1110588,Memetic-LS_MPX,10.0,40.0,5448.666666666667,1024001.0,531299.6666666666,531299.6666666666,531300.6666666666
WS_mm-25-25-1762875,Memetic_MMX,25.0,25.0,6355.333333333333,1024006.3333333334,83361.33333333333,83361.33333333333,83362.33333333333
WS_mm-5-25-1891798,Memetic_MMX,5.0,25.0,5271.333333333333,1024006.3333333334,190596.0,190596.0,190597.0
WS_mm-15-10-1891798,Memetic-LS_MMX,15.0,10.0,4120.666666666667,1024001.0,2159106.6666666665,2159106.6666666665,2159107.6666666665
WS_mm-10-40-1110588,Memetic_MPX,10.0,40.0,7021.0,1024009.6666666666,71213.0,71213.0,71214.0
WS_mm-25-10-1762875,Memetic-LS_MPX,25.0,10.0,2954.0,1024001.0,1946328.6666666667,1946328.6666666667,1946329.6666666667
WS_mm-5-25-1762875,Memetic_MPX,5.0,25.0,5566.333333333333,1024006.3333333334,143287.0,143287.0,143288.0
WS_mm-15-10-1767920,Memetic-LS_MPX,15.0,10.0,3212.3333333333335,1024001.0,2256716.0,2256716.0,2256717.0
WS_mm-10-10-1891798,Memetic-LS_MPX,10.0,10.0,3111.0,1024001.0,1878578.6666666667,1878578.6666666667,1878579.6666666667
WS_mm-20-10-1891798,Memetic_MMX,20.0,10.0,4969.666666666667,1024005.0,154644.66666666666,154644.66666666666,154645.66666666666
WS_mm-15-40-1917698,Memetic_MPX,15.0,40.0,7580.0,1024007.3333333334,62286.0,62286.0,62287.0
WS_mm-10-25-1767920,Memetic-LS_MPX,10.0,25.0,4545.0,1024001.0,929737.6666666666,929737.6666666666,929738.6666666666
WS_mm-15-10-1767920,Memetic-LS_MMX,15.0,10.0,4166.333333333333,1024001.3333333334,2361453.6666666665,2361453.6666666665,2361454.6666666665
WS_mm-5-10-1110588,Memetic_MMX,5.0,10.0,2723.0,1024001.6666666666,576954.3333333334,576954.3333333334,576955.3333333334
WS_mm-10-40-1762875,Memetic-LS_MMX,10.0,40.0,6044.0,1024001.6666666666,775149.3333333334,775149.3333333334,775150.3333333334
WS_mm-5-25-1917698,Memetic-LS_MPX,5.0,25.0,4660.0,1024001.6666666666,1159081.6666666667,1159081.6666666667,1159082.6666666667
WS_mm-20-10-1110588,Memetic_MMX,20.0,10.0,4226.333333333333,1024002.6666666666,215482.33333333334,215482.33333333334,215483.33333333334
WS_mm-25-10-1917698,Memetic-LS_MMX,25.0,10.0,4315.666666666667,1024001.0,1873446.3333333333,1873446.3333333333,1873447.3333333333
WS_mm-15-25-1110588,Memetic_MPX,15.0,25.0,6302.333333333333,1024003.6666666666,113833.0,113833.0,113834.0
WS_mm-15-25-1110588,Memetic-LS_MMX,15.0,25.0,5995.0,1024002.3333333334,986655.0,986655.0,986656.0
WS_mm-25-10-1110588,Memetic-LS_MPX,25.0,10.0,3116.0,1024001.0,2082512.0,2082512.0,2082513.0
WS_mm-20-25-1110588,Memetic_MMX,20.0,25.0,6471.666666666667,1024007.6666666666,83510.0,83510.0,83511.0
WS_mm-5-40-1110588,Memetic-LS_MPX,5.0,40.0,6047.666666666667,1024001.6666666666,542243.3333333334,542243.3333333334,542244.3333333334
WS_mm-5-40-1762875,Memetic_MPX,5.0,40.0,6791.0,1024011.0,86586.66666666667,86586.66666666667,86587.66666666667
WS_mm-15-10-1767920,Memetic_MPX,15.0,10.0,4314.333333333333,1024004.6666666666,219132.66666666666,219132.66666666666,219133.66666666666
WS_mm-5-40-1762875,Memetic-LS_MPX,5.0,40.0,5877.0,1024001.0,670905.0,670905.0,670906.0
WS_mm-10-40-1110588,Memetic_MMX,10.0,40.0,7587.0,1024005.0,65415.666666666664,65415.666666666664,65416.666666666664
WS_mm-15-10-1917698,Memetic_MPX,15.0,10.0,3829.0,1024003.3333333334,269238.0,269238.0,269239.0
WS_mm-20-10-1891798,Memetic-LS_MPX,20.0,10.0,3287.0,1024001.0,1931050.0,1931050.0,1931051.0
WS_mm-5-40-1762875,Memetic-LS_MMX,5.0,40.0,5859.0,1024004.0,695800.3333333334,695800.3333333334,695801.3333333334
WS_mm-10-10-1917698,Memetic-LS_MPX,10.0,10.0,2741.0,1024001.0,2696470.0,2696470.0,2696471.0
WS_mm-15-40-1891798,Memetic_MMX,15.0,40.0,7558.0,1024019.0,51225.666666666664,51225.666666666664,51226.666666666664
WS_mm-5-40-1767920,Memetic-LS_MPX,5.0,40.0,5635.0,1024002.6666666666,546585.6666666666,546585.6666666666,546586.6666666666
WS_mm-15-25-1917698,Memetic_MPX,15.0,25.0,5818.0,1024006.6666666666,112709.0,112709.0,112710.0
WS_mm-5-25-1891798,Memetic-LS_MMX,5.0,25.0,4608.0,1024001.3333333334,1320495.6666666667,1320495.6666666667,1320496.6666666667
WS_mm-5-25-1762875,Memetic-LS_MPX,5.0,25.0,4798.333333333333,1024001.0,1044729.3333333334,1044729.3333333334,1044730.3333333334
WS_mm-15-25-1762875,Memetic-LS_MMX,15.0,25.0,5586.666666666667,1024002.0,985199.6666666666,985199.6666666666,985200.6666666666
WS_mm-25-10-1891798,Memetic_MPX,25.0,10.0,4579.666666666667,1024004.6666666666,192736.0,192736.0,192737.0
WS_mm-25-25-1767920,Memetic_MPX,25.0,25.0,5951.333333333333,1024006.6666666666,83926.66666666667,83926.66666666667,83927.66666666667
WS_mm-25-10-1767920,Memetic_MPX,25.0,10.0,3857.3333333333335,1024003.3333333334,184166.33333333334,184166.33333333334,184167.33333333334
WS_mm-15-25-1917698,Memetic-LS_MPX,15.0,25.0,4602.333333333333,1024001.6666666666,876159.3333333334,876159.3333333334,876160.3333333334
WS_mm-20-10-1762875,Memetic_MMX,20.0,10.0,4466.666666666667,1024006.6666666666,184169.33333333334,184169.33333333334,184170.33333333334
WS_mm-15-10-1762875,Memetic_MPX,15.0,10.0,3681.0,1024002.0,298274.3333333333,298274.3333333333,298275.3333333333
WS_mm-25-25-1767920,Memetic_MMX,25.0,25.0,7069.333333333333,1024006.6666666666,60138.666666666664,60138.666666666664,60139.666666666664
WS_mm-25-25-1762875,Memetic_MPX,25.0,25.0,5318.0,1024003.0,112433.33333333333,112433.33333333333,112434.33333333333
WS_mm-5-25-1767920,Memetic_MMX,5.0,25.0,5592.666666666667,1024007.0,155587.66666666666,155587.66666666666,155588.66666666666
WS_mm-10-25-1110588,Memetic_MPX,10.0,25.0,5501.0,1024005.6666666666,143206.0,143206.0,143207.0
WS_mm-20-10-1917698,Memetic_MPX,20.0,10.0,3674.3333333333335,1024003.3333333334,254522.0,254522.0,254523.0
WS_mm-15-40-1917698,Memetic_MMX,15.0,40.0,8770.666666666666,1024013.6666666666,46443.666666666664,46443.666666666664,46444.666666666664
WS_mm-5-25-1917698,Memetic_MMX,5.0,25.0,5216.0,1024005.3333333334,167232.33333333334,167232.33333333334,167233.33333333334
WS_mm-10-10-1891798,Memetic_MPX,10.0,10.0,3399.3333333333335,1024003.3333333334,369629.6666666667,369629.6666666667,369630.6666666667
WS_mm-10-10-1110588,Memetic_MMX,10.0,10.0,3518.6666666666665,1024001.6666666666,349838.6666666667,349838.6666666667,349839.6666666667
WS_mm-10-10-1110588,Memetic_MPX,10.0,10.0,3381.0,1024001.6666666666,409832.3333333333,409832.3333333333,409833.3333333333
WS_mm-20-10-1110588,Memetic_MPX,20.0,10.0,3793.3333333333335,1024003.0,289121.3333333333,289121.3333333333,289122.3333333333
WS_mm-15-40-1110588,Memetic-LS_MPX,15.0,40.0,5737.0,1024001.0,536809.0,536809.0,536810.0
WS_mm-10-25-1917698,Memetic_MPX,10.0,25.0,4972.333333333333,1024007.3333333334,154361.0,154361.0,154362.0
WS_mm-10-40-1891798,Memetic-LS_MMX,10.0,40.0,6116.666666666667,1024004.0,730222.3333333334,730222.3333333334,730223.3333333334
WS_mm-5-40-1110588,Memetic-LS_MMX,5.0,40.0,6469.0,1024002.0,599470.0,599470.0,599471.0
WS_mm-5-10-1110588,Memetic-LS_MMX,5.0,10.0,2702.0,1024001.0,4419607.333333333,4419607.333333333,4419608.333333333
WS_mm-15-10-1762875,Memetic-LS_MPX,15.0,10.0,2896.6666666666665,1024001.0,1977743.3333333333,1977743.3333333333,1977744.3333333333
WS_mm-10-40-1762875,Memetic_MMX,10.0,40.0,7718.666666666667,1024011.6666666666,69728.33333333333,69728.33333333333,69729.33333333333
WS_mm-5-10-1762875,Memetic-LS_MPX,5.0,10.0,2167.6666666666665,1024001.0,4890129.333333333,4890129.333333333,4890130.333333333
WS_mm-25-25-1110588,Memetic-LS_MPX,25.0,25.0,2751.3333333333335,1024001.0,1198689.3333333333,1198689.3333333333,1198690.3333333333
WS_mm-5-10-1110588,Memetic_MPX,5.0,10.0,2719.0,1024001.3333333334,599441.6666666666,599441.6666666666,599442.6666666666
WS_mm-25-10-1762875,Memetic_MPX,25.0,10.0,4407.333333333333,1024003.6666666666,187572.66666666666,187572.66666666666,187573.66666666666
WS_mm-20-10-1917698,Memetic-LS_MMX,20.0,10.0,3728.6666666666665,1024001.0,2243073.0,2243073.0,2243074.0
WS_mm-10-10-1767920,Memetic-LS_MMX,10.0,10.0,3771.0,1024001.0,2515886.0,2515886.0,2515887.0
WS_mm-15-25-1762875,Memetic_MMX,15.0,25.0,6682.333333333333,1024010.0,81716.0,81716.0,81717.0
WS_mm-10-10-1110588,Memetic-LS_MMX,10.0,10.0,3382.6666666666665,1024001.0,2832689.3333333335,2832689.3333333335,2832690.3333333335
WS_mm-10-25-1767920,Memetic_MPX,10.0,25.0,6232.0,1024003.3333333334,126873.66666666667,126873.66666666667,126874.66666666667
WS_mm-10-40-1767920,Memetic_MPX,10.0,40.0,7212.0,1024009.0,65799.33333333333,65799.33333333333,65800.33333333333
WS_mm-10-10-1767920,Memetic-LS_MPX,10.0,10.0,3504.6666666666665,1024001.0,1836571.6666666667,1836571.6666666667,1836572.6666666667
WS_mm-20-25-1891798,Memetic_MPX,20.0,25.0,5678.666666666667,1024007.6666666666,111949.66666666667,111949.66666666667,111950.66666666667
WS_mm-10-40-1891798,Memetic-LS_MPX,10.0,40.0,5359.0,1024002.3333333334,600590.0,600590.0,600591.0
WS_mm-10-40-1762875,Memetic-LS_MPX,10.0,40.0,4846.666666666667,1024002.0,749589.3333333334,749589.3333333334,749590.3333333334
WS_mm-10-40-1110588,Memetic-LS_MMX,10.0,40.0,6368.0,1024003.6666666666,528882.0,528882.0,528883.0
WS_mm-5-40-1891798,Memetic-LS_MPX,5.0,40.0,6369.0,1024001.6666666666,623085.6666666666,623085.6666666666,623086.6666666666
WS_mm-20-10-1762875,Memetic-LS_MPX,20.0,10.0,2353.3333333333335,1024001.3333333334,2333871.0,2333871.0,2333872.0
WS_mm-25-10-1891798,Memetic_MMX,25.0,10.0,5314.333333333333,1024004.6666666666,130028.0,130028.0,130029.0
WS_mm-5-25-1110588,Memetic_MPX,5.0,25.0,5461.0,1024001.6666666666,175184.66666666666,175184.66666666666,175185.66666666666
WS_mm-15-25-1110588,Memetic_MMX,15.0,25.0,6950.0,1024007.6666666666,74532.33333333333,74532.33333333333,74533.33333333333
WS_mm-5-10-1762875,Memetic_MMX,5.0,10.0,2270.0,1024001.0,826110.0,826110.0,826111.0
WS_mm-20-25-1767920,Memetic_MMX,20.0,25.0,7277.0,1024009.0,64659.666666666664,64659.666666666664,64660.666666666664
WS_mm-10-10-1767920,Memetic_MPX,10.0,10.0,3790.0,1024002.0,338081.3333333333,338081.3333333333,338082.3333333333
WS_mm-10-10-1110588,Memetic-LS_MPX,10.0,10.0,3193.0,1024001.0,1990417.3333333333,1990417.3333333333,1990418.3333333333
WS_mm-25-25-1110588,Memetic_MMX,25.0,25.0,7183.666666666667,1024012.6666666666,67051.66666666667,67051.66666666667,67052.66666666667
WS_mm-10-25-1917698,Memetic-LS_MPX,10.0,25.0,3821.0,1024001.0,1131469.3333333333,1131469.3333333333,1131470.3333333333
WS_mm-25-25-1917698,Memetic-LS_MPX,25.0,25.0,2588.0,1024001.6666666666,1194368.6666666667,1194368.6666666667,1194369.6666666667
WS_mm-5-10-1767920,Memetic_MPX,5.0,10.0,3025.6666666666665,1024001.0,630959.0,630959.0,630960.0
WS_mm-10-10-1917698,Memetic-LS_MMX,10.0,10.0,3448.6666666666665,1024001.0,3029326.3333333335,3029326.3333333335,3029327.3333333335
WS_mm-10-25-1762875,Memetic-LS_MPX,10.0,25.0,4308.333333333333,1024001.0,935866.3333333334,935866.3333333334,935867.3333333334
WS_mm-20-10-1917698,Memetic-LS_MPX,20.0,10.0,2557.0,1024001.0,1984603.3333333333,1984603.3333333333,1984604.3333333333
WS_mm-5-40-1110588,Memetic_MPX,5.0,40.0,7266.333333333333,1024010.0,60505.333333333336,60505.333333333336,60506.333333333336
WS_mm-25-10-1110588,Memetic_MMX,25.0,10.0,5101.0,1024005.3333333334,137937.66666666666,137937.66666666666,137938.66666666666
WS_mm-5-10-1891798,Memetic_MMX,5.0,10.0,3196.3333333333335,1024001.6666666666,551877.0,551877.0,551878.0
WS_mm-20-25-1917698,Memetic-LS_MMX,20.0,25.0,5502.333333333333,1024001.3333333334,1043781.6666666666,1043781.6666666666,1043782.6666666666
WS_mm-20-10-1891798,Memetic_MPX,20.0,10.0,4494.666666666667,1024004.3333333334,210501.33333333334,210501.33333333334,210502.33333333334
WS_mm-10-10-1891798,Memetic-LS_MMX,10.0,10.0,3341.0,1024001.0,2644072.3333333335,2644072.3333333335,2644073.3333333335
WS_mm-5-25-1917698,Memetic-LS_MMX,5.0,25.0,4825.333333333333,1024001.3333333334,1152460.0,1152460.0,1152461.0
WS_mm-15-40-1110588,Memetic_MPX,15.0,40.0,7408.0,1024016.3333333334,58853.333333333336,58853.333333333336,58854.333333333336
WS_mm-20-25-1110588,Memetic-LS_MPX,20.0,25.0,4130.666666666667,1024001.0,1078144.0,1078144.0,1078145.0
WS_mm-10-10-1917698,Memetic_MPX,10.0,10.0,3410.6666666666665,1024002.6666666666,372716.6666666667,372716.6666666667,372717.6666666667
WS_mm-25-25-1891798,Memetic_MPX,25.0,25.0,5704.333333333333,1024002.6666666666,92955.33333333333,92955.33333333333,92956.33333333333
WS_mm-5-40-1767920,Memetic-LS_MMX,5.0,40.0,6316.0,1024001.3333333334,649151.3333333334,649151.3333333334,649152.3333333334
WS_mm-5-10-1891798,Memetic-LS_MPX,5.0,10.0,3068.0,1024001.0,3651245.6666666665,3651245.6666666665,3651246.6666666665
WS_mm-5-25-1110588,Memetic_MMX,5.0,25.0,5620.666666666667,1024003.6666666666,189978.0,189978.0,189979.0
WS_mm-10-40-1917698,Memetic-LS_MMX,10.0,40.0,6356.333333333333,1024001.3333333334,638486.6666666666,638486.6666666666,638487.6666666666
WS_mm-20-25-1110588,Memetic-LS_MMX,20.0,25.0,5286.666666666667,1024001.3333333334,1127177.6666666667,1127177.6666666667,1127178.6666666667
WS_mm-15-10-1110588,Memetic-LS_MPX,15.0,10.0,2964.0,1024001.0,2102464.0,2102464.0,2102465.0
WS_mm-5-40-1891798,Memetic_MPX,5.0,40.0,7840.666666666667,1024012.3333333334,74690.66666666667,74690.66666666667,74691.66666666667
WS_mm-15-25-1767920,Memetic_MPX,15.0,25.0,5447.333333333333,1024006.6666666666,106128.33333333333,106128.33333333333,106129.33333333333
WS_mm-15-25-1767920,Memetic-LS_MMX,15.0,25.0,5161.333333333333,1024001.6666666666,959649.3333333334,959649.3333333334,959650.3333333334
WS_mm-5-10-1917698,Memetic-LS_MPX,5.0,10.0,3010.6666666666665,1024001.0,3632556.0,3632556.0,3632557.0
WS_mm-25-25-1891798,Memetic-LS_MPX,25.0,25.0,2353.0,1024001.6666666666,1171174.3333333333,1171174.3333333333,1171175.3333333333
WS_mm-5-40-1891798,Memetic_MMX,5.0,40.0,7863.333333333333,1024007.3333333334,76219.33333333333,76219.33333333333,76220.33333333333
WS_mm-10-25-1891798,Memetic_MMX,10.0,25.0,6415.333333333333,1024005.0,123720.33333333333,123720.33333333333,123721.33333333333
WS_mm-15-40-1891798,Memetic-LS_MPX,15.0,40.0,4571.0,1024001.0,691426.0,691426.0,691427.0
WS_mm-5-10-1917698,Memetic-LS_MMX,5.0,10.0,3069.3333333333335,1024001.0,3896323.0,3896323.0,3896324.0
WS_mm-5-10-1767920,Memetic-LS_MMX,5.0,10.0,2967.0,1024001.0,4655077.0,4655077.0,4655078.0
WS_mm-20-25-1917698,Memetic-LS_MPX,20.0,25.0,4092.0,1024002.0,1093075.3333333333,1093075.3333333333,1093076.3333333333
WS_mm-5-10-1110588,Memetic-LS_MPX,5.0,10.0,2648.6666666666665,1024001.0,4027133.0,4027133.0,4027134.0
WS_mm-15-40-1917698,Memetic-LS_MMX,15.0,40.0,7128.333333333333,1024002.3333333334,450372.6666666667,450372.6666666667,450373.6666666667
WS_mm-5-10-1891798,Memetic_MPX,5.0,10.0,3198.0,1024002.6666666666,589391.0,589391.0,589392.0
WS_mm-10-10-1762875,Memetic-LS_MPX,10.0,10.0,2513.6666666666665,1024001.0,2460451.6666666665,2460451.6666666665,2460452.6666666665
WS_mm-25-10-1917698,Memetic_MMX,25.0,10.0,5007.0,1024004.0,128655.0,128655.0,128656.0
WS_mm-10-25-1762875,Memetic-LS_MMX,10.0,25.0,5274.333333333333,1024001.3333333334,1114426.6666666667,1114426.6666666667,1114427.6666666667
WS_mm-25-10-1891798,Memetic-LS_MPX,25.0,10.0,2708.0,1024001.0,2005887.0,2005887.0,2005888.0
WS_mm-15-10-1767920,Memetic_MMX,15.0,10.0,4596.333333333333,1024003.6666666666,208725.66666666666,208725.66666666666,208726.66666666666
WS_mm-15-40-1891798,Memetic-LS_MMX,15.0,40.0,6060.666666666667,1024005.3333333334,701915.3333333334,701915.3333333334,701916.3333333334
WS_mm-15-25-1767920,Memetic_MMX,15.0,25.0,6060.0,1024005.6666666666,95048.0,95048.0,95049.0
WS_mm-10-10-1767920,Memetic_MMX,10.0,10.0,3922.6666666666665,1024002.6666666666,298270.0,298270.0,298271.0
WS_mm-15-25-1891798,Memetic_MMX,15.0,25.0,6025.333333333333,1024007.6666666666,104246.33333333333,104246.33333333333,104247.33333333333
WS_mm-20-25-1891798,Memetic-LS_MMX,20.0,25.0,5401.666666666667,1024002.0,1075303.0,1075303.0,1075304.0
WS_mm-15-25-1891798,Memetic-LS_MPX,15.0,25.0,4365.0,1024002.3333333334,1117176.3333333333,1117176.3333333333,1117177.3333333333
WS_mm-10-25-1762875,Memetic_MPX,10.0,25.0,5406.0,1024005.0,142827.0,142827.0,142828.0
WS_mm-5-25-1767920,Memetic-LS_MPX,5.0,25.0,5076.333333333333,1024001.3333333334,923168.3333333334,923168.3333333334,923169.3333333334
WS_mm-15-40-1110588,Memetic-LS_MMX,15.0,40.0,6842.0,1024003.0,494116.0,494116.0,494117.0
WS_mm-20-10-1110588,Memetic-LS_MPX,20.0,10.0,2601.0,1024001.0,2195755.3333333335,2195755.3333333335,2195756.3333333335
WS_mm-10-40-1767920,Memetic-LS_MMX,10.0,40.0,6120.333333333333,1024003.3333333334,685006.6666666666,685006.6666666666,685007.6666666666
WS_mm-5-25-1767920,Memetic_MPX,5.0,25.0,5490.0,1024001.3333333334,160819.0,160819.0,160820.0
WS_mm-15-10-1110588,Memetic-LS_MMX,15.0,10.0,3879.6666666666665,1024001.0,2397852.6666666665,2397852.6666666665,2397853.6666666665
WS_mm-25-10-1110588,Memetic-LS_MMX,25.0,10.0,4256.666666666667,1024001.0,2016025.0,2016025.0,2016026.0
WS_mm-10-25-1891798,Memetic_MPX,10.0,25.0,6167.666666666667,1024004.3333333334,132136.0,132136.0,132137.0
WS_mm-15-25-1891798,Memetic_MPX,15.0,25.0,5535.0,1024007.6666666666,127332.0,127332.0,127333.0
WS_mm-5-40-1762875,Memetic_MMX,5.0,40.0,6958.333333333333,1024008.0,74328.66666666667,74328.66666666667,74329.66666666667
WS_mm-25-25-1917698,Memetic-LS_MMX,25.0,25.0,5238.666666666667,1024003.3333333334,1113853.6666666667,1113853.6666666667,1113854.6666666667
WS_mm-10-10-1762875,Memetic_MPX,10.0,10.0,2869.0,1024001.6666666666,568453.3333333334,568453.3333333334,568454.3333333334
WS_mm-25-10-1762875,Memetic-LS_MMX,25.0,10.0,4273.666666666667,1024001.3333333334,1981099.6666666667,1981099.6666666667,1981100.6666666667
WS_mm-10-25-1110588,Memetic-LS_MPX,10.0,25.0,4615.0,1024001.6666666666,878582.6666666666,878582.6666666666,878583.6666666666
WS_mm-5-10-1767920,Memetic-LS_MPX,5.0,10.0,2877.0,1024001.0,3772544.0,3772544.0,3772545.0
WS_mm-20-10-1767920,Memetic-LS_MMX,20.0,10.0,3963.3333333333335,1024001.0,2045584.0,2045584.0,2045585.0
WS_mm-20-25-1767920,Memetic_MPX,20.0,25.0,6400.666666666667,1024006.0,86019.0,86019.0,86020.0
WS_mm-10-40-1767920,Memetic_MMX,10.0,40.0,7664.0,1024008.0,59751.0,59751.0,59752.0
WS_mm-10-40-1891798,Memetic_MMX,10.0,40.0,7554.666666666667,1024013.0,63673.333333333336,63673.333333333336,63674.333333333336
WS_mm-15-40-1762875,Memetic_MMX,15.0,40.0,7431.0,1024006.3333333334,60613.333333333336,60613.333333333336,60614.333333333336
WS_mm-15-25-1762875,Memetic_MPX,15.0,25.0,6262.0,1024005.6666666666,108616.33333333333,108616.33333333333,108617.33333333333
WS_mm-25-10-1767920,Memetic-LS_MPX,25.0,10.0,2485.6666666666665,1024001.0,2039562.3333333333,2039562.3333333333,2039563.3333333333
WS_mm-15-40-1767920,Memetic_MMX,15.0,40.0,8233.666666666666,1024014.3333333334,45861.666666666664,45861.666666666664,45862.666666666664
WS_mm-20-25-1110588,Memetic_MPX,20.0,25.0,5593.666666666667,1024009.3333333334,105479.33333333333,105479.33333333333,105480.33333333333
WS_mm-5-10-1762875,Memetic-LS_MMX,5.0,10.0,2215.0,1024001.0,6035592.666666667,6035592.666666667,6035593.666666667
WS_mm-15-25-1891798,Memetic-LS_MMX,15.0,25.0,5312.333333333333,1024001.0,1154080.0,1154080.0,1154081.0
WS_mm-15-25-1917698,Memetic-LS_MMX,15.0,25.0,5566.333333333333,1024001.0,977980.6666666666,977980.6666666666,977981.6666666666
WS_mm-15-40-1762875,Memetic_MPX,15.0,40.0,6715.666666666667,1024008.6666666666,72395.33333333333,72395.33333333333,72396.33333333333
WS_mm-15-10-1762875,Memetic-LS_MMX,15.0,10.0,3584.6666666666665,1024001.0,2636390.3333333335,2636390.3333333335,2636391.3333333335
WS_mm-15-10-1917698,Memetic-LS_MPX,15.0,10.0,3174.0,1024001.0,2305686.6666666665,2305686.6666666665,2305687.6666666665
WS_mm-20-25-1762875,Memetic-LS_MPX,20.0,25.0,2581.6666666666665,1024002.6666666666,1299806.0,1299806.0,1299807.0
WS_mm-5-40-1917698,Memetic_MMX,5.0,40.0,7466.333333333333,1024010.0,74903.0,74903.0,74904.0
WS_mm-10-10-1891798,Memetic_MMX,10.0,10.0,3468.6666666666665,1024002.3333333334,336545.3333333333,336545.3333333333,336546.3333333333
WS_mm-15-40-1767920,Memetic-LS_MPX,15.0,40.0,5435.666666666667,1024001.3333333334,621617.6666666666,621617.6666666666,621618.6666666666
WS_mm-5-10-1917698,Memetic_MPX,5.0,10.0,3156.3333333333335,1024001.6666666666,498445.3333333333,498445.3333333333,498446.3333333333
WS_mm-20-10-1767920,Memetic-LS_MPX,20.0,10.0,2972.0,1024001.0,2103639.0,2103639.0,2103640.0
WS_mm-15-25-1767920,Memetic-LS_MPX,15.0,25.0,3982.0,1024001.0,1088163.6666666667,1088163.6666666667,1088164.6666666667
WS_mm-15-10-1891798,Memetic_MMX,15.0,10.0,4552.0,1024002.6666666666,190005.0,190005.0,190006.0
WS_mm-15-10-1917698,Memetic_MMX,15.0,10.0,4102.333333333333,1024004.3333333334,198474.0,198474.0,198475.0
WS_mm-15-10-1110588,Memetic_MPX,15.0,10.0,3992.3333333333335,1024002.0,316901.6666666667,316901.6666666667,316902.6666666667
WS_mm-20-10-1917698,Memetic_MMX,20.0,10.0,4163.333333333333,1024003.6666666666,198106.33333333334,198106.33333333334,198107.33333333334
WS_mm-25-10-1762875,Memetic_MMX,25.0,10.0,5207.666666666667,1024004.6666666666,123350.66666666667,123350.66666666667,123351.66666666667
WS_mm-10-25-1110588,Memetic_MMX,10.0,25.0,6004.666666666667,1024005.0,113523.66666666667,113523.66666666667,113524.66666666667
WS_mm-5-25-1891798,Memetic_MPX,5.0,25.0,5184.666666666667,1024003.6666666666,175399.33333333334,175399.33333333334,175400.33333333334
WS_mm-15-10-1891798,Memetic_MPX,15.0,10.0,4159.333333333333,1024004.6666666666,248742.66666666666,248742.66666666666,248743.66666666666
WS_mm-10-40-1891798,Memetic_MPX,10.0,40.0,7216.333333333333,1024010.0,71832.33333333333,71832.33333333333,71833.33333333333
WS_mm-5-25-1891798,Memetic-LS_MPX,5.0,25.0,4697.666666666667,1024001.3333333334,1147220.3333333333,1147220.3333333333,1147221.3333333333
WS_mm-10-40-1917698,Memetic-LS_MPX,10.0,40.0,5221.0,1024001.3333333334,576266.6666666666,576266.6666666666,576267.6666666666
WS_mm-25-25-1891798,Memetic_MMX,25.0,25.0,6703.666666666667,1024008.0,80177.66666666667,80177.66666666667,80178.66666666667
WS_mm-15-40-1917698,Memetic-LS_MPX,15.0,40.0,5454.333333333333,1024003.0,559433.0,559433.0,559434.0
WS_mm-5-25-1110588,Memetic-LS_MPX,5.0,25.0,4958.0,1024001.0,1039960.3333333334,1039960.3333333334,1039961.3333333334
WS_mm-15-40-1767920,Memetic-LS_MMX,15.0,40.0,6337.666666666667,1024005.6666666666,625009.3333333334,625009.3333333334,625010.3333333334
WS_mm-15-25-1762875,Memetic-LS_MPX,15.0,25.0,4591.0,1024001.0,1132104.0,1132104.0,1132105.0
WS_mm-15-40-1762875,Memetic-LS_MPX,15.0,40.0,5187.0,1024001.3333333334,625341.0,625341.0,625342.0
WS_mm-20-10-1767920,Memetic_MMX,20.0,10.0,4678.666666666667,1024003.3333333334,156652.66666666666,156652.66666666666,156653.66666666666
WS_mm-15-25-1110588,Memetic-LS_MPX,15.0,25.0,4368.666666666667,1024001.0,1205608.0,1205608.0,1205609.0
WS_mm-20-25-1767920,Memetic-LS_MPX,20.0,25.0,4107.0,1024002.0,1065263.0,1065263.0,1065264.0
WS_mm-5-10-1917698,Memetic_MMX,5.0,10.0,3159.0,1024001.0,474947.0,474947.0,474948.0
WS_mm-15-10-1110588,Memetic_MMX,15.0,10.0,4351.0,1024002.6666666666,233065.66666666666,233065.66666666666,233066.66666666666
WS_mm-20-10-1767920,Memetic_MPX,20.0,10.0,4154.333333333333,1024002.3333333334,227300.66666666666,227300.66666666666,227301.66666666666
WS_mm-25-10-1767920,Memetic-LS_MMX,25.0,10.0,3921.0,1024001.0,1940540.0,1940540.0,1940541.0
WS_mm-5-40-1917698,Memetic_MPX,5.0,40.0,7289.333333333333,1024015.0,56924.666666666664,56924.666666666664,56925.666666666664
WS_mm-20-25-1891798,Memetic-LS_MPX,20.0,25.0,3621.3333333333335,1024001.0,1118478.6666666667,1118478.6666666667,1118479.6666666667
WS_mm-10-10-1762875,Memetic_MMX,10.0,10.0,2934.3333333333335,1024002.3333333334,412920.0,412920.0,412921.0
WS_mm-15-10-1891798,Memetic-LS_MPX,15.0,10.0,3462.3333333333335,1024001.0,1688594.0,1688594.0,1688595.0
WS_mm-25-25-1110588,Memetic-LS_MMX,25.0,25.0,5696.333333333333,1024002.6666666666,992488.3333333334,992488.3333333334,992489.3333333334
WS_mm-25-25-1767920,Memetic-LS_MPX,25.0,25.0,4549.0,1024001.0,1008763.3333333334,1008763.3333333334,1008764.3333333334
WS_mm-15-25-1917698,Memetic_MMX,15.0,25.0,6264.0,1024004.3333333334,90584.33333333333,90584.33333333333,90585.33333333333
WS_mm-25-10-1110588,Memetic_MPX,25.0,10.0,4422.0,1024005.0,203241.66666666666,203241.66666666666,203242.66666666666
WS_mm-5-10-1762875,Memetic_MPX,5.0,10.0,2267.3333333333335,1024001.0,900113.0,900113.0,900114.0
WS_mm-5-40-1110588,Memetic_MMX,5.0,40.0,7551.333333333333,1024010.0,81561.0,81561.0,81562.0
WS_mm-10-40-1917698,Memetic_MPX,10.0,40.0,6895.333333333333,1024008.0,72982.33333333333,72982.33333333333,72983.33333333333
WS_mm-25-25-1917698,Memetic_MMX,25.0,25.0,6575.666666666667,1024004.3333333334,64845.666666666664,64845.666666666664,64846.666666666664
WS_mm-20-10-1762875,Memetic-LS_MMX,20.0,10.0,3881.6666666666665,1024001.0,2374912.0,2374912.0,2374913.0
WS_mm-10-25-1762875,Memetic_MMX,10.0,25.0,5784.666666666667,1024004.3333333334,123257.0,123257.0,123258.0
WS_mm-15-40-1891798,Memetic_MPX,15.0,40.0,6913.333333333333,1024024.0,72273.66666666667,72273.66666666667,72274.66666666667
WS_mm-5-25-1762875,Memetic_MMX,5.0,25.0,5720.0,1024002.6666666666,169529.33333333334,169529.33333333334,169530.33333333334
WS_mm-5-25-1110588,Memetic-LS_MMX,5.0,25.0,5117.333333333333,1024001.0,1211200.0,1211200.0,1211201.0
WS_mm-15-10-1762875,Memetic_MMX,15.0,10.0,3982.0,1024004.0,257026.33333333334,257026.33333333334,257027.33333333334
WS_mm-5-25-1767920,Memetic-LS_MMX,5.0,25.0,5193.0,1024001.0,1146211.6666666667,1146211.6666666667,1146212.6666666667
WS_mm-25-25-1917698,Memetic_MPX,25.0,25.0,5575.666666666667,1024010.6666666666,108487.66666666667,108487.66666666667,108488.66666666667
WS_mm-10-25-1917698,Memetic_MMX,10.0,25.0,5496.666666666667,1024003.3333333334,131865.33333333334,131865.33333333334,131866.33333333334
WS_mm-20-25-1762875,Memetic-LS_MMX,20.0,25.0,5135.333333333333,1024001.3333333334,1143124.6666666667,1143124.6666666667,1143125.6666666667
